id,unitid,name,city,state,degreeType
sc-101028,101028,Chattahoochee Valley Community College,Phenix City,AL,2-year
sc-101143,101143,Enterprise State Community College,Enterprise,AL,2-year
sc-101365,101365,Herzing University-Birmingham,Birmingham,AL,2-year
sc-101505,101505,Jefferson State Community College,Birmingham,AL,2-year
sc-101569,101569,Lawson State Community College,Birmingham,AL,2-year
sc-101602,101602,Lurleen B Wallace Community College,Andalusia,AL,2-year
sc-101648,101648,Marion Military Institute,Marion,AL,2-year
sc-102669,102669,Alaska Pacific University,Anchorage,AK,2-year
sc-104090,104090,Brookline College-Phoenix,Phoenix,AZ,2-year
sc-104425,104425,Cochise County Community College District,Sierra Vista,AZ,2-year
sc-105297,105297,Dine College,Tsaile,AZ,2-year
sc-105534,105534,Pima Medical Institute-Tucson,Tucson,AZ,2-year
sc-106041,106041,Universal Technical Institute of Arizona Inc,Avondale,AZ,2-year
sc-107123,107123,Jefferson Regional School of Nursing,Pine Bluff,AR,2-year
sc-107840,107840,Shorter College,N Little Rock,AR,2-year
sc-108092,108092,University of Arkansas-Fort Smith,Fort Smith,AR,2-year
sc-108667,108667,College of Alameda,Alameda,CA,2-year
sc-109208,109208,American River College,Sacramento,CA,2-year
sc-109350,109350,Antelope Valley Community College District,Lancaster,CA,2-year
sc-109819,109819,Bakersfield College,Bakersfield,CA,2-year
sc-110246,110246,Butte College,Oroville,CA,2-year
sc-110334,110334,Cabrillo College,Aptos,CA,2-year
sc-111434,111434,Canada College,Redwood City,CA,2-year
sc-111461,111461,College of the Canyons,Santa Clarita,CA,2-year
sc-111638,111638,Casa Loma College-Los Angeles,Sherman Oaks,CA,2-year
sc-111896,111896,Cerro Coso Community College,Ridgecrest,CA,2-year
sc-111939,111939,Chaffey College,Rancho Cucamonga,CA,2-year
sc-112385,112385,Coastline Community College,Fountain Valley,CA,2-year
sc-112561,112561,Columbia College,Sonora,CA,2-year
sc-112686,112686,Compton College,Compton,CA,2-year
sc-112826,112826,Contra Costa College,San Pablo,CA,2-year
sc-113096,113096,Cosumnes River College,Sacramento,CA,2-year
sc-113111,113111,Crafton Hills College,Yucaipa,CA,2-year
sc-113218,113218,Cuyamaca College,El Cajon,CA,2-year
sc-113333,113333,De Anza College,Cupertino,CA,2-year
sc-113634,113634,Diablo Valley College,Pleasant Hill,CA,2-year
sc-113980,113980,El Camino Community College District,Torrance,CA,2-year
sc-114266,114266,Evergreen Valley College,San Jose,CA,2-year
sc-114433,114433,Feather River Community College District,Quincy,CA,2-year
sc-114859,114859,Fullerton College,Fullerton,CA,2-year
sc-114938,114938,Gavilan College,Gilroy,CA,2-year
sc-115001,115001,Glendale Community College,Glendale,CA,2-year
sc-115010,115010,Glendale Career College,Glendale,CA,2-year
sc-115126,115126,Golden West College,Huntington Beach,CA,2-year
sc-115296,115296,Grossmont College,El Cajon,CA,2-year
sc-115393,115393,Hartnell College,Salinas,CA,2-year
sc-115861,115861,Imperial Valley College,Imperial,CA,2-year
sc-116226,116226,Interior Designers Institute,Newport Beach,CA,2-year
sc-116439,116439,Irvine Valley College,Irvine,CA,2-year
sc-117195,117195,Lake Tahoe Community College,South Lake Tahoe,CA,2-year
sc-117247,117247,Laney College,Oakland,CA,2-year
sc-117274,117274,Lassen Community College,Susanville,CA,2-year
sc-117283,117283,Latin American Bible Institute,La Puente,CA,2-year
sc-117690,117690,Los Angeles Harbor College,Wilmington,CA,2-year
sc-117706,117706,Los Angeles Pierce College,Woodland Hills,CA,2-year
sc-117715,117715,Los Angeles Southwest College,Los Angeles,CA,2-year
sc-117788,117788,Los Angeles City College,Los Angeles,CA,2-year
sc-117803,117803,Los Angeles County College of Nursing and Allied Health,Los Angeles,CA,2-year
sc-117867,117867,Los Angeles Mission College,Sylmar,CA,2-year
sc-117894,117894,Los Medanos College,Pittsburg,CA,2-year
sc-118347,118347,College of Marin,Kentfield,CA,2-year
sc-118684,118684,Mendocino College,Ukiah,CA,2-year
sc-118912,118912,MiraCosta College,Oceanside,CA,2-year
sc-118930,118930,Mission College,Santa Clara,CA,2-year
sc-118976,118976,Modesto Junior College,Modesto,CA,2-year
sc-119067,119067,Monterey Peninsula College,Monterey,CA,2-year
sc-119137,119137,Moorpark College,Moorpark,CA,2-year
sc-119164,119164,Mt San Antonio College,Walnut,CA,2-year
sc-119216,119216,Mt San Jacinto Community College District,San Jacinto,CA,2-year
sc-119331,119331,Napa Valley College,Napa,CA,2-year
sc-120290,120290,Ohlone College,Fremont,CA,2-year
sc-120421,120421,Oxnard College,Oxnard,CA,2-year
sc-120865,120865,Pacific Union College,Angwin,CA,2-year
sc-121044,121044,Pasadena City College,Pasadena,CA,2-year
sc-121363,121363,Porterville College,Porterville,CA,2-year
sc-121707,121707,College of the Redwoods,Eureka,CA,2-year
sc-121901,121901,Riverside City College,Riverside,CA,2-year
sc-122180,122180,Sacramento City College,Sacramento,CA,2-year
sc-122205,122205,Saddleback College,Mission Viejo,CA,2-year
sc-122339,122339,San Diego City College,San Diego,CA,2-year
sc-122375,122375,San Diego Mesa College,San Diego,CA,2-year
sc-122384,122384,San Diego Miramar College,San Diego,CA,2-year
sc-122658,122658,San Joaquin Delta College,Stockton,CA,2-year
sc-122746,122746,San Jose City College,San Jose,CA,2-year
sc-122791,122791,College of San Mateo,San Mateo,CA,2-year
sc-122889,122889,Santa Barbara City College,Santa Barbara,CA,2-year
sc-122977,122977,Santa Monica College,Santa Monica,CA,2-year
sc-123299,123299,Shasta College,Redding,CA,2-year
sc-123341,123341,Sierra College,Rocklin,CA,2-year
sc-123484,123484,College of the Siskiyous,Weed,CA,2-year
sc-123509,123509,Skyline College,San Bruno,CA,2-year
sc-123527,123527,San Bernardino Valley College,San Bernardino,CA,2-year
sc-123563,123563,Solano Community College,Fairfield,CA,2-year
sc-123800,123800,Southwestern College,Chula Vista,CA,2-year
sc-124113,124113,Taft College,Taft,CA,2-year
sc-125028,125028,Ventura College,Ventura,CA,2-year
sc-125091,125091,Victor Valley College,Victorville,CA,2-year
sc-125170,125170,Berkeley City College,Berkeley,CA,2-year
sc-125499,125499,West Valley College,Saratoga,CA,2-year
sc-126119,126119,Yuba College,Marysville,CA,2-year
sc-126359,126359,Bel-Rea Institute of Animal Technology,Denver,CO,2-year
sc-126605,126605,Spartan College of Aeronautics and Technology,Broomfield,CO,2-year
sc-126784,126784,Colorado School of Trades,Lakewood,CO,2-year
sc-126863,126863,Community College of Aurora,Aurora,CO,2-year
sc-126942,126942,Community College of Denver,Denver,CO,2-year
sc-127389,127389,Lamar Community College,Lamar,CO,2-year
sc-127820,127820,Pikes Peak State College,Colorado Springs,CO,2-year
sc-128586,128586,Bais Binyomin Academy,Monsey,NY,2-year
sc-129154,129154,Goodwin University,East Hartford,CT,2-year
sc-129367,129367,Connecticut State Community College,New Britain,CT,2-year
sc-130907,130907,Delaware Technical Community College-Terry,Dover,DE,2-year
sc-131399,131399,University of the District of Columbia,Washington,DC,2-year
sc-132693,132693,Eastern Florida State College,Melbourne,FL,2-year
sc-132709,132709,Broward College,Fort Lauderdale,FL,2-year
sc-133386,133386,Daytona State College,Daytona Beach,FL,2-year
sc-133508,133508,Florida SouthWestern State College,Fort Myers,FL,2-year
sc-133702,133702,Florida State College at Jacksonville,Jacksonville,FL,2-year
sc-133960,133960,The College of the Florida Keys,Key West,FL,2-year
sc-134343,134343,Gulf Coast State College,Panama City,FL,2-year
sc-134608,134608,Indian River State College,Fort Pierce,FL,2-year
sc-135081,135081,Keiser University-Ft Lauderdale,Fort Lauderdale,FL,2-year
sc-135188,135188,Lake-Sumter State College,Leesburg,FL,2-year
sc-135391,135391,State College of Florida-Manatee-Sarasota,Bradenton,FL,2-year
sc-136145,136145,North Florida College,Madison,FL,2-year
sc-136233,136233,Northwest Florida State College,Niceville,FL,2-year
sc-136358,136358,Palm Beach State College,Lake Worth,FL,2-year
sc-136400,136400,Pasco-Hernando State College,New Port Richey,FL,2-year
sc-136473,136473,Pensacola State College,Pensacola,FL,2-year
sc-136516,136516,Polk State College,Winter Haven,FL,2-year
sc-137078,137078,St Petersburg College,St. Petersburg,FL,2-year
sc-137096,137096,Santa Fe College,Gainesville,FL,2-year
sc-137281,137281,Saint Johns River State College,Palatka,FL,2-year
sc-137315,137315,South Florida State College,Avon Park,FL,2-year
sc-137759,137759,Tallahassee State College,Tallahassee,FL,2-year
sc-138309,138309,Rasmussen University-Florida,Ocala,FL,2-year
sc-138664,138664,Interactive College of Technology-Morrow,Morrow,GA,2-year
sc-138761,138761,Andrew College,Cuthbert,GA,2-year
sc-138901,138901,Atlanta Metropolitan State College,Atlanta,GA,2-year
sc-139205,139205,Brewton-Parker Christian University,Mount Vernon,GA,2-year
sc-139250,139250,College of Coastal Georgia,Brunswick,GA,2-year
sc-139621,139621,East Georgia State College,Swainsboro,GA,2-year
sc-139700,139700,Georgia Highlands College,Rome,GA,2-year
sc-139995,139995,Gupton Jones College of Funeral Service,Decatur,GA,2-year
sc-141680,141680,Honolulu Community College,Honolulu,HI,2-year
sc-141796,141796,Kapiolani Community College,Honolulu,HI,2-year
sc-141811,141811,Leeward Community College,Pearl City,HI,2-year
sc-141839,141839,University of Hawaii Maui College,Kahului,HI,2-year
sc-141990,141990,Windward Community College,Kaneohe,HI,2-year
sc-142179,142179,College of Eastern Idaho,Idaho Falls,ID,2-year
sc-142443,142443,North Idaho College,Coeur d'Alene,ID,2-year
sc-142559,142559,College of Southern Idaho,Twin Falls,ID,2-year
sc-143613,143613,Carl Sandburg College,Galesburg,IL,2-year
sc-144209,144209,City Colleges of Chicago-Harold Washington College,Chicago,IL,2-year
sc-144218,144218,City Colleges of Chicago-Wilbur Wright College,Chicago,IL,2-year
sc-144865,144865,College of DuPage,Glen Ellyn,IL,2-year
sc-145239,145239,Fox College,Tinley Park,IL,2-year
sc-146205,146205,John A Logan College,Carterville,IL,2-year
sc-146278,146278,John Wood Community College,Quincy,IL,2-year
sc-146418,146418,Kishwaukee College,Malta,IL,2-year
sc-146816,146816,Generations College,Chicago,IL,2-year
sc-147396,147396,Morrison Institute of Technology,Morrison,IL,2-year
sc-147411,147411,Morton College,Cicero,IL,2-year
sc-147916,147916,Parkland College,Champaign,IL,2-year
sc-148380,148380,Rock Valley College,Rockford,IL,2-year
sc-149310,149310,Taylor Business Institute,Chicago,IL,2-year
sc-149727,149727,Waubonsee Community College,Sugar Grove,IL,2-year
sc-150251,150251,College of Court Reporting Inc,Valparaiso,IN,2-year
sc-151467,151467,Vet Tech Institute of Indiana,Indianapolis,IN,2-year
sc-151962,151962,Mid-America College of Funeral Service,Jeffersonville,IN,2-year
sc-153296,153296,Ellsworth Community College,Iowa Falls,IA,2-year
sc-153445,153445,Hawkeye Community College,Waterloo,IA,2-year
sc-153472,153472,Indian Hills Community College,Ottumwa,IA,2-year
sc-153524,153524,Iowa Central Community College,Fort Dodge,IA,2-year
sc-153533,153533,Iowa Lakes Community College,Estherville,IA,2-year
sc-153630,153630,Iowa Western Community College,Council Bluffs,IA,2-year
sc-153737,153737,Kirkwood Community College,Cedar Rapids,IA,2-year
sc-153922,153922,Marshalltown Community College,Marshalltown,IA,2-year
sc-154110,154110,Northeast Iowa Community College,Calmar,IA,2-year
sc-154129,154129,Northwest Iowa Community College,Sheldon,IA,2-year
sc-154262,154262,St Luke's College,Sioux City,IA,2-year
sc-154642,154642,Allen County Community College,Iola,KS,2-year
sc-154800,154800,Butler Community College,El Dorado,KS,2-year
sc-155007,155007,Donnelly College,Kansas City,KS,2-year
sc-155140,155140,Haskell Indian Nations University,Lawrence,KS,2-year
sc-155177,155177,Hesston College,Hesston,KS,2-year
sc-155201,155201,Independence Community College,Independence,KS,2-year
sc-155210,155210,Johnson County Community College,Overland Park,KS,2-year
sc-155450,155450,Labette Community College,Parsons,KS,2-year
sc-157021,157021,American National University-Louisville,Louisville,KY,2-year
sc-157793,157793,Sullivan University,Louisville,KY,2-year
sc-159197,159197,ITI Technical College,Baton Rouge,LA,2-year
sc-159407,159407,Louisiana State University-Eunice,Eunice,LA,2-year
sc-160649,160649,Southern University at Shreveport,Shreveport,LA,2-year
sc-160995,160995,Beal University,Bangor,ME,2-year
sc-161022,161022,Maine College of Health Professions,Lewiston,ME,2-year
sc-161077,161077,Central Maine Community College,Auburn,ME,2-year
sc-161138,161138,Eastern Maine Community College,Bangor,ME,2-year
sc-161192,161192,Kennebec Valley Community College,Fairfield,ME,2-year
sc-161484,161484,Northern Maine Community College,Presque Isle,ME,2-year
sc-161545,161545,Southern Maine Community College,South Portland,ME,2-year
sc-161688,161688,Allegany College of Maryland,Cumberland,MD,2-year
sc-161767,161767,Anne Arundel Community College,Arnold,MD,2-year
sc-161864,161864,Baltimore City Community College,Baltimore,MD,2-year
sc-162104,162104,Cecil College,North East,MD,2-year
sc-162168,162168,Chesapeake College,Wye Mills,MD,2-year
sc-162557,162557,Frederick Community College,Frederick,MD,2-year
sc-162609,162609,Garrett College,McHenry,MD,2-year
sc-162690,162690,Hagerstown Community College,Hagerstown,MD,2-year
sc-162706,162706,Harford Community College,Bel Air,MD,2-year
sc-162779,162779,Howard Community College,Columbia,MD,2-year
sc-163426,163426,Montgomery College,Rockville,MD,2-year
sc-163657,163657,Prince George's Community College,Largo,MD,2-year
sc-164313,164313,Wor-Wic Community College,Salisbury,MD,2-year
sc-164775,164775,Berkshire Community College,Pittsfield,MA,2-year
sc-165033,165033,Bristol Community College,Fall River,MA,2-year
sc-165112,165112,Bunker Hill Community College,Boston,MA,2-year
sc-165194,165194,Cape Cod Community College,West Barnstable,MA,2-year
sc-165264,165264,Laboure College of Healthcare,Milton,MA,2-year
sc-165981,165981,Greenfield Community College,Greenfield,MA,2-year
sc-166133,166133,Holyoke Community College,Holyoke,MA,2-year
sc-166407,166407,Lawrence Memorial Hospital School of Nursing,Medford,MA,2-year
sc-166647,166647,Massachusetts Bay Community College,Wellesley Hills,MA,2-year
sc-166823,166823,Massasoit Community College,Brockton,MA,2-year
sc-166887,166887,Middlesex Community College,Bedford,MA,2-year
sc-166957,166957,Mount Wachusett Community College,Gardner,MA,2-year
sc-167312,167312,North Shore Community College,Danvers,MA,2-year
sc-167376,167376,Northern Essex Community College,Haverhill,MA,2-year
sc-167525,167525,Quincy College,Quincy,MA,2-year
sc-167534,167534,Quinsigamond Community College,Worcester,MA,2-year
sc-167631,167631,Roxbury Community College,Roxbury Crossing,MA,2-year
sc-167792,167792,Simon's Rock at Bard College,Barrytown,NY,2-year
sc-167905,167905,Springfield Technical Community College,Springfield,MA,2-year
sc-168607,168607,Alpena Community College,Alpena,MI,2-year
sc-168883,168883,Bay de Noc Community College,Escanaba,MI,2-year
sc-169275,169275,Mott Community College,Flint,MI,2-year
sc-169521,169521,Delta College,University Center,MI,2-year
sc-169974,169974,Glen Oaks Community College,Centreville,MI,2-year
sc-169992,169992,Gogebic Community College,Ironwood,MI,2-year
sc-170055,170055,Grand Rapids Community College,Grand Rapids,MI,2-year
sc-170541,170541,Kalamazoo Valley Community College,Kalamazoo,MI,2-year
sc-170550,170550,Kellogg Community College,Battle Creek,MI,2-year
sc-170587,170587,Kirtland Community College,Grayling,MI,2-year
sc-170620,170620,Lake Michigan College,Benton Harbor,MI,2-year
sc-170657,170657,Lansing Community College,Lansing,MI,2-year
sc-170790,170790,Macomb Community College,Warren,MI,2-year
sc-171155,171155,Mid Michigan College,Harrison,MI,2-year
sc-171225,171225,Monroe County Community College,Monroe,MI,2-year
sc-171234,171234,Montcalm Community College,Sidney,MI,2-year
sc-171304,171304,Muskegon Community College,Muskegon,MI,2-year
sc-171395,171395,North Central Michigan College,Petoskey,MI,2-year
sc-171483,171483,Northwestern Michigan College,Traverse City,MI,2-year
sc-171535,171535,Oakland Community College,Auburn Hills,MI,2-year
sc-172200,172200,Schoolcraft Community College District,Livonia,MI,2-year
sc-172291,172291,St Clair County Community College,Port Huron,MI,2-year
sc-172307,172307,Southwestern Michigan College,Dowagiac,MI,2-year
sc-172635,172635,Wayne County Community College District,Detroit,MI,2-year
sc-172671,172671,West Shore Community College,Scottville,MI,2-year
sc-172918,172918,Alexandria Technical & Community College,Alexandria,MN,2-year
sc-172963,172963,Anoka-Ramsey Community College,Coon Rapids,MN,2-year
sc-173203,173203,Central Lakes College-Brainerd,Brainerd,MN,2-year
sc-173416,173416,Dakota County Technical College,Rosemount,MN,2-year
sc-173461,173461,Lake Superior College,Duluth,MN,2-year
sc-173559,173559,Minnesota State Community and Technical College,Fergus Falls,MN,2-year
sc-173735,173735,Minnesota North College,Hibbing,MN,2-year
sc-173799,173799,Inver Hills Community College,Inver Grove Heights,MN,2-year
sc-173911,173911,South Central College,North Mankato,MN,2-year
sc-174376,174376,North Hennepin Community College,Brooklyn Park,MN,2-year
sc-174428,174428,Normandale Community College,Bloomington,MN,2-year
sc-174473,174473,Northland Community and Technical College,Thief River Falls,MN,2-year
sc-174507,174507,Northwestern Health Sciences University,Bloomington,MN,2-year
sc-174738,174738,Rochester Community and Technical College,Rochester,MN,2-year
sc-174756,174756,St Cloud Technical and Community College,Saint Cloud,MN,2-year
sc-175227,175227,Dunwoody College of Technology,Minneapolis,MN,2-year
sc-175236,175236,Ridgewater College,Willmar,MN,2-year
sc-175573,175573,Copiah-Lincoln Community College,Wesson,MS,2-year
sc-175643,175643,East Central Community College,Decatur,MS,2-year
sc-175652,175652,East Mississippi Community College,Scooba,MS,2-year
sc-175786,175786,Hinds Community College,Raymond,MS,2-year
sc-175810,175810,Holmes Community College,Goodman,MS,2-year
sc-175829,175829,Itawamba Community College,Fulton,MS,2-year
sc-175883,175883,Jones County Junior College,Ellisville,MS,2-year
sc-175935,175935,Meridian Community College,Meridian,MS,2-year
sc-176008,176008,Mississippi Delta Community College,Moorhead,MS,2-year
sc-176071,176071,Mississippi Gulf Coast Community College,Perkinston,MS,2-year
sc-176169,176169,Northeast Mississippi Community College,Booneville,MS,2-year
sc-176178,176178,Northwest Mississippi Community College,Senatobia,MS,2-year
sc-176239,176239,Pearl River Community College,Poplarville,MS,2-year
sc-176336,176336,Southeastern Baptist College,Laurel,MS,2-year
sc-176354,176354,Southwest Mississippi Community College,Summit,MS,2-year
sc-176770,176770,Cox College,Springfield,MO,2-year
sc-177135,177135,Crowder College,Neosho,MO,2-year
sc-177250,177250,East Central College,Union,MO,2-year
sc-177472,177472,Ozarks Technical Community College,Springfield,MO,2-year
sc-177676,177676,Jefferson College,Hillsboro,MO,2-year
sc-177977,177977,State Technical College of Missouri,Linn,MO,2-year
sc-177995,177995,Metropolitan Community College-Kansas City,Kansas City,MO,2-year
sc-178217,178217,Mineral Area College,Park Hills,MO,2-year
sc-178448,178448,Moberly Area Community College,Moberly,MO,2-year
sc-179308,179308,Saint Louis Community College,Bridgeton,MO,2-year
sc-179344,179344,Missouri State University-West Plains,West Plains,MO,2-year
sc-179539,179539,State Fair Community College,Sedalia,MO,2-year
sc-179645,179645,Three Rivers College,Poplar Bluff,MO,2-year
sc-179715,179715,North Central Missouri College,Trenton,MO,2-year
sc-180054,180054,Blackfeet Community College,Browning,MT,2-year
sc-180151,180151,Dawson Community College,Glendive,MT,2-year
sc-180160,180160,Chief Dull Knife College,Lame Deer,MT,2-year
sc-180197,180197,Flathead Valley Community College,Kalispell,MT,2-year
sc-180203,180203,Aaniiih Nakoda College,Harlem,MT,2-year
sc-180212,180212,Fort Peck Community College,Poplar,MT,2-year
sc-180249,180249,Great Falls College Montana State University,Great Falls,MT,2-year
sc-180276,180276,Helena College University of Montana,Helena,MT,2-year
sc-180328,180328,Little Big Horn College,Crow Agency,MT,2-year
sc-180373,180373,Miles Community College,Miles City,MT,2-year
sc-180647,180647,Salish Kootenai College,Pablo,MT,2-year
sc-181303,181303,Metropolitan Community College Area,Omaha,NE,2-year
sc-181312,181312,Mid-Plains Community College,North Platte,NE,2-year
sc-181419,181419,Nebraska Indian Community College,Macy,NE,2-year
sc-181491,181491,Northeast Community College,Norfolk,NE,2-year
sc-181543,181543,Summit Christian College,Gering,NE,2-year
sc-181765,181765,Nebraska College of Technical Agriculture,Curtis,NE,2-year
sc-181817,181817,Western Nebraska Community College,Scottsbluff,NE,2-year
sc-182005,182005,College of Southern Nevada,Las Vegas,NV,2-year
sc-182148,182148,Las Vegas College,Las Vegas,NV,2-year
sc-182564,182564,Western Nevada College,Carson City,NV,2-year
sc-183099,183099,NHTI-Concord's Community College,Concord,NH,2-year
sc-183114,183114,River Valley Community College,Claremont,NH,2-year
sc-183123,183123,Lakes Region Community College,Laconia,NH,2-year
sc-183132,183132,Manchester Community College,Manchester,NH,2-year
sc-183141,183141,Nashua Community College,Nashua,NH,2-year
sc-183150,183150,Great Bay Community College,Portsmouth,NH,2-year
sc-183248,183248,St Joseph School of Nursing,Nashua,NH,2-year
sc-183488,183488,Eastwick College-Hackensack,Hackensack,NJ,2-year
sc-183600,183600,Assumption College for Sisters,Denville,NJ,2-year
sc-183655,183655,Atlantic Cape Community College,Mays Landing,NJ,2-year
sc-183743,183743,Bergen Community College,Paramus,NJ,2-year
sc-183859,183859,Brookdale Community College,Lincroft,NJ,2-year
sc-183877,183877,Rowan College at Burlington County,Mount Laurel,NJ,2-year
sc-183938,183938,Camden County College,Blackwood,NJ,2-year
sc-184180,184180,County College of Morris,Randolph,NJ,2-year
sc-184205,184205,Rowan College of South Jersey-Cumberland Campus,Vineland,NJ,2-year
sc-184481,184481,Essex County College,Newark,NJ,2-year
sc-184791,184791,Rowan College of South Jersey-Gloucester Campus,Sewell,NJ,2-year
sc-184959,184959,Eastwick College-Ramsey,Ramsey,NJ,2-year
sc-184995,184995,Hudson County Community College,Jersey City,NJ,2-year
sc-185509,185509,Mercer County Community College,West Windsor,NJ,2-year
sc-185536,185536,Middlesex College,Edison,NJ,2-year
sc-185721,185721,Eastwick College-Nutley,Nutley,NJ,2-year
sc-185873,185873,Ocean County College,Toms River,NJ,2-year
sc-186034,186034,Passaic County Community College,Paterson,NJ,2-year
sc-186469,186469,Salem Community College,Carneys Point,NJ,2-year
sc-186645,186645,Raritan Valley Community College,Branchburg,NJ,2-year
sc-186900,186900,Talmudical Academy-New Jersey,Adelphia,NJ,2-year
sc-187198,187198,UCNJ Union College of Union County New Jersey,Cranford,NJ,2-year
sc-187620,187620,New Mexico State University-Dona Ana,Las Cruces,NM,2-year
sc-187903,187903,New Mexico Junior College,Hobbs,NM,2-year
sc-187912,187912,New Mexico Military Institute,Roswell,NM,2-year
sc-187958,187958,University of New Mexico-Gallup Campus,Gallup,NM,2-year
sc-187976,187976,University of New Mexico-Los Alamos Campus,Los Alamos,NM,2-year
sc-187994,187994,New Mexico State University-Alamogordo,Alamogordo,NM,2-year
sc-188003,188003,Southeast New Mexico College,Carlsbad,NM,2-year
sc-188049,188049,University of New Mexico-Valencia County Campus,Los Lunas,NM,2-year
sc-188058,188058,Northern New Mexico College,Espanola,NM,2-year
sc-188216,188216,Southwestern Indian Polytechnic Institute,Albuquerque,NM,2-year
sc-188340,188340,Vaughn College of Aeronautics and Technology,Flushing,NY,2-year
sc-188438,188438,SUNY Adirondack,Queensbury,NY,2-year
sc-188517,188517,Bryant & Stratton College-Albany,Albany,NY,2-year
sc-188678,188678,American Academy of Dramatic Arts-New York,New York,NY,2-year
sc-188687,188687,American Academy McAllister Institute of Funeral Service,New York,NY,2-year
sc-188915,188915,Arnot Ogden Medical Center,Elmira,NY,2-year
sc-189273,189273,Beth Hamedrash Shaarei Yosher Institute,Brooklyn,NY,2-year
sc-189547,189547,SUNY Broome Community College,Binghamton,NY,2-year
sc-189583,189583,Bryant & Stratton College-Buffalo,Buffalo,NY,2-year
sc-189592,189592,Bryant & Stratton College-Greece,Rochester,NY,2-year
sc-189811,189811,St Paul's School of Nursing-Queens,Rego Park,NY,2-year
sc-189839,189839,Cayuga County Community College,Auburn,NY,2-year
sc-190053,190053,Clinton Community College,Plattsburgh,NY,2-year
sc-190071,190071,Cochran School of Nursing,Yonkers,NY,2-year
sc-190169,190169,Columbia-Greene Community College,Hudson,NY,2-year
sc-190442,190442,SUNY Corning Community College,Corning,NY,2-year
sc-190451,190451,Pomeroy College of Nursing at Crouse Hospital,East Syracuse,NY,2-year
sc-190503,190503,Culinary Institute of America,Hyde Park,NY,2-year
sc-190521,190521,CUNY Borough of Manhattan Community College,New York,NY,2-year
sc-190530,190530,CUNY Bronx Community College,Bronx,NY,2-year
sc-190585,190585,CUNY Hostos Community College,Bronx,NY,2-year
sc-190619,190619,CUNY Kingsborough Community College,Brooklyn,NY,2-year
sc-190628,190628,CUNY LaGuardia Community College,Long Island City,NY,2-year
sc-190673,190673,CUNY Queensborough Community College,Bayside,NY,2-year
sc-190840,190840,Dutchess Community College,Poughkeepsie,NY,2-year
sc-190956,190956,Belanger School of Nursing,Schenectady,NY,2-year
sc-191083,191083,Erie Community College,Buffalo,NY,2-year
sc-191126,191126,Fashion Institute of Technology,New York,NY,2-year
sc-191199,191199,Finger Lakes Community College,Canandaigua,NY,2-year
sc-191302,191302,Fulton-Montgomery Community College,Johnstown,NY,2-year
sc-191339,191339,Genesee Community College,Batavia,NY,2-year
sc-191597,191597,Helene Fuld College of Nursing,New York,NY,2-year
sc-191612,191612,Herkimer County Community College,Herkimer,NY,2-year
sc-191719,191719,Hudson Valley Community College,Troy,NY,2-year
sc-191986,191986,Jamestown Community College,Jamestown,NY,2-year
sc-192022,192022,Jefferson Community College,Watertown,NY,2-year
sc-192688,192688,Mandl School-The College of Allied Health,New York,NY,2-year
sc-192785,192785,Maria College of Albany,Albany,NY,2-year
sc-192961,192961,St. Peter's Hospital College of Nursing,Albany,NY,2-year
sc-193061,193061,Mesivta of Eastern Parkway-Yeshiva Zichron Meilech,Brooklyn,NY,2-year
sc-193247,193247,Mirrer Yeshiva Cent Institute,Brooklyn,NY,2-year
sc-193283,193283,Mohawk Valley Community College,Utica,NY,2-year
sc-193308,193308,Monroe University,Bronx,NY,2-year
sc-193326,193326,Monroe Community College,Rochester,NY,2-year
sc-193380,193380,Montefiore School of Nursing,Mount Vernon,NY,2-year
sc-193478,193478,Nassau Community College,Garden City,NY,2-year
sc-193946,193946,Niagara County Community College,Sanborn,NY,2-year
sc-194028,194028,North Country Community College,Saranac Lake,NY,2-year
sc-194189,194189,Ohr Hameir Theological Seminary,Peekskill,NY,2-year
sc-194222,194222,Onondaga Community College,Syracuse,NY,2-year
sc-194240,194240,Orange County Community College,Middletown,NY,2-year
sc-194499,194499,Plaza College,Forest Hills,NY,2-year
sc-194693,194693,Rabbinical College Beth Shraga,Monsey,NY,2-year
sc-194736,194736,Rabbinical College of Long Island,Long Beach,NY,2-year
sc-195058,195058,Rockland Community College,Suffern,NY,2-year
sc-195191,195191,St. Joseph's College of Nursing,Syracuse,NY,2-year
sc-195289,195289,Samaritan Hospital School of Nursing,Troy,NY,2-year
sc-195322,195322,Schenectady County Community College,Schenectady,NY,2-year
sc-195702,195702,Saint Elizabeth College of Nursing,Utica,NY,2-year
sc-195784,195784,St Paul's School of Nursing-Staten Island,Staten Island,NY,2-year
sc-195988,195988,Sullivan County Community College,Loch Sheldrake,NY,2-year
sc-196006,196006,SUNY College of Technology at Alfred,Alfred,NY,2-year
sc-196024,196024,SUNY College of Technology at Delhi,Delhi,NY,2-year
sc-196051,196051,SUNY Morrisville,Morrisville,NY,2-year
sc-196389,196389,Swedish Institute a College of Health Sciences,New York,NY,2-year
sc-196565,196565,Tompkins Cortland Community College,Dryden,NY,2-year
sc-196583,196583,Torah Temimah Talmudical Seminary,Staten Island,NY,2-year
sc-196653,196653,Trocaire College,Buffalo,NY,2-year
sc-196699,196699,Ulster County Community College,Stone Ridge,NY,2-year
sc-197294,197294,SUNY Westchester Community College,Valhalla,NY,2-year
sc-197647,197647,Yeshiva Derech Chaim,Brooklyn,NY,2-year
sc-197744,197744,Yeshivath Zichron Moshe,South Fallsburg,NY,2-year
sc-197814,197814,College of the Albemarle,Elizabeth City,NC,2-year
sc-197850,197850,South Piedmont Community College,Polkton,NC,2-year
sc-198011,198011,Bladen Community College,Dublin,NC,2-year
sc-198084,198084,Brunswick Community College,Bolivia,NC,2-year
sc-198109,198109,Cabarrus College of Health Sciences,Concord,NC,2-year
sc-198118,198118,Caldwell Community College and Technical Institute,Hudson,NC,2-year
sc-198154,198154,Cape Fear Community College,Wilmington,NC,2-year
sc-198233,198233,Catawba Valley Community College,Hickory,NC,2-year
sc-198251,198251,Central Carolina Community College,Sanford,NC,2-year
sc-198260,198260,Central Piedmont Community College,Charlotte,NC,2-year
sc-198330,198330,Coastal Carolina Community College,Jacksonville,NC,2-year
sc-198367,198367,Craven Community College,New Bern,NC,2-year
sc-198455,198455,Durham Technical Community College,Durham,NC,2-year
sc-198552,198552,Forsyth Technical Community College,Winston-Salem,NC,2-year
sc-198622,198622,Guilford Technical Community College,Jamestown,NC,2-year
sc-198640,198640,Halifax Community College,Weldon,NC,2-year
sc-198668,198668,Haywood Community College,Clyde,NC,2-year
sc-198774,198774,Johnston Community College,Smithfield,NC,2-year
sc-198871,198871,Louisburg College,Louisburg,NC,2-year
sc-198914,198914,Mayland Community College,Spruce Pine,NC,2-year
sc-198923,198923,McDowell Technical Community College,Marion,NC,2-year
sc-198987,198987,Mitchell Community College,Statesville,NC,2-year
sc-199467,199467,Roanoke-Chowan Community College,Ahoskie,NC,2-year
sc-199476,199476,Robeson Community College,Lumberton,NC,2-year
sc-199485,199485,Rockingham Community College,Wentworth,NC,2-year
sc-199634,199634,Sandhills Community College,Pinehurst,NC,2-year
sc-199722,199722,Southeastern Community College,Whiteville,NC,2-year
sc-199731,199731,Southwestern Community College,Sylva,NC,2-year
sc-199795,199795,Tri-County Community College,Murphy,NC,2-year
sc-199838,199838,Vance-Granville Community College,Henderson,NC,2-year
sc-199908,199908,Western Piedmont Community College,Morganton,NC,2-year
sc-199953,199953,Wilson Community College,Wilson,NC,2-year
sc-200013,200013,Rasmussen University-North Dakota,Fargo,ND,2-year
sc-200022,200022,Bismarck State College,Bismarck,ND,2-year
sc-200086,200086,Nueta Hidatsa Sahnish College,New Town,ND,2-year
sc-200192,200192,Lake Region State College,Devils Lake,ND,2-year
sc-200208,200208,Cankdeska Cikana Community College,Fort Totten,ND,2-year
sc-200305,200305,North Dakota State College of Science,Wahpeton,ND,2-year
sc-200314,200314,Dakota College at Bottineau,Bottineau,ND,2-year
sc-200341,200341,Williston State College,Williston,ND,2-year
sc-200466,200466,Sitting Bull College,Fort Yates,ND,2-year
sc-200554,200554,United Tribes Technical College,Bismarck,ND,2-year
sc-200785,200785,Herzing University-Akron,Akron,OH,2-year
sc-201177,201177,Aultman College of Nursing and Health Sciences,Canton,OH,2-year
sc-201283,201283,Belmont College,St Clairsville,OH,2-year
sc-201432,201432,Bowling Green State University-Firelands,Huron,OH,2-year
sc-201469,201469,Bryant & Stratton College-Parma,Parma,OH,2-year
sc-201672,201672,Central Ohio Technical College,Newark,OH,2-year
sc-201946,201946,University of Cincinnati-Clermont College,Batavia,OH,2-year
sc-201955,201955,University of Cincinnati-Blue Ash College,Blue Ash,OH,2-year
sc-202903,202903,Gods Bible School and College,Cincinnati,OH,2-year
sc-202912,202912,Good Samaritan College of Nursing and Health Science,Cincinnati,OH,2-year
sc-203155,203155,Hocking College,Nelsonville,OH,2-year
sc-203447,203447,Kent State University at Ashtabula,Ashtabula,OH,2-year
sc-203456,203456,Kent State University at East Liverpool,East Liverpool,OH,2-year
sc-203465,203465,Kent State University at Stark,North Canton,OH,2-year
sc-203474,203474,Kent State University at Trumbull,Warren,OH,2-year
sc-203483,203483,Kent State University at Tuscarawas,New Philadelphia,OH,2-year
sc-203492,203492,Kent State University at Salem,Salem,OH,2-year
sc-203526,203526,Kent State University at Geauga,Burton,OH,2-year
sc-203599,203599,Lakeland Community College,Kirtland,OH,2-year
sc-203881,203881,Marion Technical College,Marion,OH,2-year
sc-204255,204255,Zane State College,Zanesville,OH,2-year
sc-204422,204422,North Central State College,Mansfield,OH,2-year
sc-204440,204440,Northwest State Community College,Archbold,OH,2-year
sc-204486,204486,University of Northwestern Ohio,Lima,OH,2-year
sc-204662,204662,Ohio State University Agricultural Technical Institute,Wooster,OH,2-year
sc-204680,204680,Ohio State University-Mansfield Campus,Mansfield,OH,2-year
sc-204699,204699,Ohio State University-Marion Campus,Marion,OH,2-year
sc-204705,204705,Ohio State University-Newark Campus,Newark,OH,2-year
sc-204820,204820,Ohio University-Chillicothe Campus,Chillicothe,OH,2-year
sc-204839,204839,Ohio University-Southern Campus,Ironton,OH,2-year
sc-204866,204866,Ohio University-Zanesville Campus,Zanesville,OH,2-year
sc-204884,204884,East Ohio College,East Liverpool,OH,2-year
sc-205054,205054,Professional Skills Institute,Maumee,OH,2-year
sc-205203,205203,University of Rio Grande,Rio Grande,OH,2-year
sc-205391,205391,The Modern College of Design,Kettering,OH,2-year
sc-205966,205966,Southern State Community College,Hillsboro,OH,2-year
sc-206446,206446,Washington State College of Ohio,Marietta,OH,2-year
sc-206923,206923,Carl Albert State College,Poteau,OK,2-year
sc-207050,207050,Eastern Oklahoma State College,Wilburton,OK,2-year
sc-207069,207069,Redlands Community College,El Reno,OK,2-year
sc-207209,207209,Langston University,Langston,OK,2-year
sc-207236,207236,Murray State College,Tishomingo,OK,2-year
sc-207254,207254,Spartan College of Aeronautics and Technology,Tulsa,OK,2-year
sc-207281,207281,Northern Oklahoma College,Tonkawa,OK,2-year
sc-207290,207290,Northeastern Oklahoma A&M College,Miami,OK,2-year
sc-207397,207397,Oklahoma State University-Oklahoma City,Oklahoma City,OK,2-year
sc-207449,207449,Oklahoma City Community College,Oklahoma City,OK,2-year
sc-207564,207564,Oklahoma State University Institute of Technology,Okmulgee,OK,2-year
sc-207670,207670,Rose State College,Midwest City,OK,2-year
sc-207740,207740,Seminole State College,Seminole,OK,2-year
sc-207935,207935,Tulsa Community College,Tulsa,OK,2-year
sc-208035,208035,Western Oklahoma State College,Altus,OK,2-year
sc-208275,208275,Blue Mountain Community College,Pendleton,OR,2-year
sc-208318,208318,Central Oregon Community College,Bend,OR,2-year
sc-208390,208390,Chemeketa Community College,Salem,OR,2-year
sc-208406,208406,Clackamas Community College,Oregon City,OR,2-year
sc-208415,208415,Clatsop Community College,Astoria,OR,2-year
sc-209038,209038,Lane Community College,Eugene,OR,2-year
sc-209074,209074,Linn-Benton Community College,Albany,OR,2-year
sc-209250,209250,Mt Hood Community College,Gresham,OR,2-year
sc-209746,209746,Portland Community College,Portland,OR,2-year
sc-209940,209940,Rogue Community College,Grants Pass,OR,2-year
sc-210155,210155,Southwestern Oregon Community College,Coos Bay,OR,2-year
sc-210605,210605,Community College of Allegheny County,Pittsburgh,PA,2-year
sc-211079,211079,Community College of Beaver County,Monaca,PA,2-year
sc-211307,211307,Bucks County Community College,Newtown,PA,2-year
sc-211343,211343,Butler County Community College,Butler,PA,2-year
sc-211927,211927,Delaware County Community College,Media,PA,2-year
sc-212869,212869,Harcum College,Bryn Mawr,PA,2-year
sc-212878,212878,Harrisburg Area Community College,Harrisburg,PA,2-year
sc-213233,213233,Johnson College,Scranton,PA,2-year
sc-213376,213376,Lackawanna College,Scranton,PA,2-year
sc-213525,213525,Lehigh Carbon Community College,Schnecksville,PA,2-year
sc-213659,213659,Luzerne County Community College,Nanticoke,PA,2-year
sc-213774,213774,Manor College,Jenkintown,PA,2-year
sc-213914,213914,Vet Tech Institute,Pittsburgh,PA,2-year
sc-214023,214023,ASPIRA City College,Philadelphia,PA,2-year
sc-214111,214111,Montgomery County Community College,Blue Bell,PA,2-year
sc-214290,214290,New Castle School of Trades,New Castle,PA,2-year
sc-214379,214379,Northampton County Area Community College,Bethlehem,PA,2-year
sc-215239,215239,Community College of Philadelphia,Philadelphia,PA,2-year
sc-215309,215309,University of Pittsburgh-Titusville,Titusville,PA,2-year
sc-215390,215390,Pittsburgh Institute of Mortuary Science Inc,Pittsburgh,PA,2-year
sc-215585,215585,Reading Area Community College,Reading,PA,2-year
sc-215637,215637,Walnut Hill College,Philadelphia,PA,2-year
sc-215682,215682,Rosedale Technical College,Pittsburgh,PA,2-year
sc-215992,215992,Laurel Technical Institute,Hermitage,PA,2-year
sc-216083,216083,South Hills School of Business & Technology,State College,PA,2-year
sc-216296,216296,Thaddeus Stevens College of Technology,Lancaster,PA,2-year
sc-216551,216551,Valley Forge Military College,Wayne,PA,2-year
sc-216825,216825,Westmoreland County Community College,Youngwood,PA,2-year
sc-216940,216940,Williamson College of the Trades,Media,PA,2-year
sc-217040,217040,Yeshivath Beth Moshe,Scranton,PA,2-year
sc-217305,217305,New England Institute of Technology,East Greenwich,RI,2-year
sc-217475,217475,Community College of Rhode Island,Warwick,RI,2-year
sc-217615,217615,Aiken Technical College,Graniteville,SC,2-year
sc-217712,217712,Technical College of the Lowcountry,Beaufort,SC,2-year
sc-218353,218353,Midlands Technical College,West Columbia,SC,2-year
sc-218672,218672,University of South Carolina-Lancaster,Lancaster,SC,2-year
sc-218681,218681,University of South Carolina-Salkehatchie,Allendale,SC,2-year
sc-218690,218690,University of South Carolina-Sumter,Sumter,SC,2-year
sc-218706,218706,University of South Carolina-Union,Union,SC,2-year
sc-218821,218821,Spartanburg Methodist College,Spartanburg,SC,2-year
sc-218894,218894,Trident Technical College,Charleston,SC,2-year
sc-219143,219143,Lake Area Technical College,Watertown,SD,2-year
sc-219189,219189,Mitchell Technical College,Mitchell,SD,2-year
sc-219277,219277,Oglala Lakota College,Kyle,SD,2-year
sc-219374,219374,Sinte Gleska University,Mission,SD,2-year
sc-219408,219408,Sisseton Wahpeton College,Sisseton,SD,2-year
sc-219426,219426,Southeast Technical College,Sioux Falls,SD,2-year
sc-219480,219480,Western Dakota Technical College,Rapid City,SD,2-year
sc-219824,219824,Chattanooga State Community College,Chattanooga,TN,2-year
sc-219879,219879,Cleveland State Community College,Cleveland,TN,2-year
sc-219888,219888,Columbia State Community College,Columbia,TN,2-year
sc-220057,220057,Dyersburg State Community College,Dyersburg,TN,2-year
sc-220400,220400,Jackson State Community College,Jackson,TN,2-year
sc-220464,220464,John A Gupton College,Nashville,TN,2-year
sc-220552,220552,South College,Knoxville,TN,2-year
sc-221096,221096,Motlow State Community College,Tullahoma,TN,2-year
sc-221184,221184,Nashville State Community College,Nashville,TN,2-year
sc-221397,221397,Roane State Community College,Harriman,TN,2-year
sc-221485,221485,Southwest Tennessee Community College,Memphis,TN,2-year
sc-221643,221643,Pellissippi State Community College,Knoxville,TN,2-year
sc-221908,221908,Northeast State Community College,Blountville,TN,2-year
sc-222053,222053,Volunteer State Community College,Gallatin,TN,2-year
sc-222062,222062,Walters State Community College,Morristown,TN,2-year
sc-222567,222567,Alvin Community College,Alvin,TX,2-year
sc-222576,222576,Amarillo College,Amarillo,TX,2-year
sc-222992,222992,Austin Community College District,Austin,TX,2-year
sc-223083,223083,Baptist Health System School of Health Professions,San Antonio,TX,2-year
sc-223320,223320,Coastal Bend College,Beeville,TX,2-year
sc-223427,223427,Blinn College District,Brenham,TX,2-year
sc-223472,223472,Vet Tech Institute of Houston,Houston,TX,2-year
sc-223816,223816,Central Texas College,Killeen,TX,2-year
sc-223922,223922,Clarendon College,Clarendon,TX,2-year
sc-224110,224110,North Central Texas College,Gainesville,TX,2-year
sc-224271,224271,Dallas Institute of Funeral Service,Dallas,TX,2-year
sc-224350,224350,Del Mar College,Corpus Christi,TX,2-year
sc-224615,224615,Dallas College,Dallas,TX,2-year
sc-224642,224642,El Paso Community College,El Paso,TX,2-year
sc-224660,224660,Western Technical College,El Paso,TX,2-year
sc-225308,225308,Trinity Valley Community College,Athens,TX,2-year
sc-225371,225371,Hill College,Hillsboro,TX,2-year
sc-225423,225423,Houston City College,Houston,TX,2-year
sc-225520,225520,Howard College,Big Spring,TX,2-year
sc-225876,225876,Jacksonville College-Main Campus,Jacksonville,TX,2-year
sc-225991,225991,KD Conservatory College of Film and Dramatic Arts,Dallas,TX,2-year
sc-226019,226019,Kilgore College,Kilgore,TX,2-year
sc-226134,226134,Laredo College,Laredo,TX,2-year
sc-226408,226408,College of the Mainland,Texas City,TX,2-year
sc-226578,226578,McLennan Community College,Waco,TX,2-year
sc-226879,226879,Wade College,Dallas,TX,2-year
sc-227146,227146,Navarro College,Corsicana,TX,2-year
sc-227182,227182,Lone Star College System,The Woodlands,TX,2-year
sc-227304,227304,Odessa College,Odessa,TX,2-year
sc-227377,227377,Texas Southmost College,Brownsville,TX,2-year
sc-227401,227401,Paris Junior College,Paris,TX,2-year
sc-227687,227687,Ranger College,Ranger,TX,2-year
sc-227924,227924,San Antonio College,San Antonio,TX,2-year
sc-227979,227979,San Jacinto Community College,Pasadena,TX,2-year
sc-228158,228158,South Plains College,Levelland,TX,2-year
sc-228486,228486,Southwestern Christian College,Terrell,TX,2-year
sc-228547,228547,Tarrant County College District,Fort Worth,TX,2-year
sc-228608,228608,Temple College,Temple,TX,2-year
sc-228699,228699,Texarkana College,Texarkana,TX,2-year
sc-229355,229355,Tyler Junior College,Tyler,TX,2-year
sc-229504,229504,Vernon College,Vernon,TX,2-year
sc-229540,229540,Victoria College,Victoria,TX,2-year
sc-229799,229799,Weatherford College,Weatherford,TX,2-year
sc-229832,229832,Western Texas College,Snyder,TX,2-year
sc-229841,229841,Wharton County Junior College,Wharton,TX,2-year
sc-230597,230597,Snow College,Ephraim,UT,2-year
sc-230737,230737,Utah Valley University,Orem,UT,2-year
sc-230746,230746,Salt Lake Community College,Salt Lake City,UT,2-year
sc-230782,230782,Weber State University,Ogden,UT,2-year
sc-230861,230861,Community College of Vermont,Montpelier,VT,2-year
sc-231785,231785,Bryant & Stratton College-Virginia Beach,Virginia Beach,VA,2-year
sc-232195,232195,Germanna Community College,Locust Grove,VA,2-year
sc-232618,232618,Centra College,Lynchburg,VA,2-year
sc-232724,232724,Sovah School of Health Professions,Danville,VA,2-year
sc-232797,232797,American National University,Salem,VA,2-year
sc-232946,232946,Northern Virginia Community College,Annandale,VA,2-year
sc-233019,233019,Patrick & Henry Community College,Martinsville,VA,2-year
sc-233037,233037,Paul D Camp Community College,Franklin,VA,2-year
sc-233082,233082,Southside College of Health Sciences,Colonial Heights,VA,2-year
sc-233116,233116,Piedmont Virginia Community College,Charlottesville,VA,2-year
sc-233338,233338,Richard Bland College,South Prince George,VA,2-year
sc-233408,233408,Riverside College of Health Sciences,Newport News,VA,2-year
sc-233480,233480,Bon Secours St Mary's Hospital School of Medical Imaging,Richmond,VA,2-year
sc-233754,233754,Virginia Peninsula Community College,Hampton,VA,2-year
sc-233772,233772,Tidewater Community College,Norfolk,VA,2-year
sc-234669,234669,Bellevue College,Bellevue,WA,2-year
sc-234711,234711,Big Bend Community College,Moses Lake,WA,2-year
sc-234845,234845,Centralia College,Centralia,WA,2-year
sc-234933,234933,Clark College,Vancouver,WA,2-year
sc-234979,234979,Columbia Basin College,Pasco,WA,2-year
sc-235103,235103,Edmonds College,Lynnwood,WA,2-year
sc-235149,235149,Everett Community College,Everett,WA,2-year
sc-235237,235237,Pierce College District,Lakewood,WA,2-year
sc-235334,235334,Grays Harbor College,Aberdeen,WA,2-year
sc-235343,235343,Green River College,Auburn,WA,2-year
sc-235431,235431,Highline College,Des Moines,WA,2-year
sc-235750,235750,Lower Columbia College,Longview,WA,2-year
sc-236188,236188,Olympic College,Bremerton,WA,2-year
sc-236513,236513,Seattle Central College,Seattle,WA,2-year
sc-236610,236610,Shoreline College,Shoreline,WA,2-year
sc-236638,236638,Skagit Valley College,Mount Vernon,WA,2-year
sc-236656,236656,South Puget Sound Community College,Olympia,WA,2-year
sc-236692,236692,Spokane Community College,Spokane,WA,2-year
sc-236708,236708,Spokane Falls Community College,Spokane,WA,2-year
sc-236753,236753,Tacoma Community College,Tacoma,WA,2-year
sc-236887,236887,Walla Walla Community College,Walla Walla,WA,2-year
sc-236975,236975,Wenatchee Valley College,Wenatchee,WA,2-year
sc-237039,237039,Whatcom Community College,Bellingham,WA,2-year
sc-237109,237109,Yakima Valley College,Yakima,WA,2-year
sc-237437,237437,Ameritas College,Huntington,WV,2-year
sc-237686,237686,West Virginia University at Parkersburg,Parkersburg,WV,2-year
sc-237701,237701,Potomac State College of West Virginia University,Keyser,WV,2-year
sc-237817,237817,Southern West Virginia Community and Technical College,Logan,WV,2-year
sc-237987,237987,West Virginia Junior College-Charleston,Cross Lanes,WV,2-year
sc-237996,237996,West Virginia Junior College-Morgantown,Morgantown,WV,2-year
sc-238014,238014,West Virginia Northern Community College,Wheeling,WV,2-year
sc-240505,240505,Casper College,Casper,WY,2-year
sc-240514,240514,Central Wyoming College,Riverton,WY,2-year
sc-240596,240596,Eastern Wyoming College,Torrington,WY,2-year
sc-240620,240620,Laramie County Community College,Cheyenne,WY,2-year
sc-240657,240657,Northwest College,Powell,WY,2-year
sc-240666,240666,Northern Wyoming Community College District,Sheridan,WY,2-year
sc-240693,240693,Western Wyoming Community College,Rock Springs,WY,2-year
sc-240736,240736,American Samoa Community College,Pago Pago,AS,2-year
sc-240745,240745,Guam Community College,Mangilao,GU,2-year
sc-240790,240790,Northern Marianas College,Saipan,MP,2-year
sc-241720,241720,Colegio Universitario de San Juan,San Juan,PR,2-year
sc-241836,241836,EDP University of Puerto Rico Inc-San Sebastian,San Sebastian,PR,2-year
sc-242042,242042,Instituto Tecnologico de Puerto Rico-Recinto de Manati,Manati,PR,2-year
sc-242556,242556,Instituto Tecnologico de Puerto Rico-Recinto de Guayama,Guayama,PR,2-year
sc-242583,242583,Instituto Tecnologico de Puerto Rico-Recinto de San Juan,San Juan,PR,2-year
sc-242699,242699,Inter American University of Puerto Rico-Guayama,Guayama,PR,2-year
sc-243188,243188,University of Puerto Rico-Utuado,Utuado,PR,2-year
sc-243638,243638,College of Micronesia-FSM,Pohnpei,FM,2-year
sc-243647,243647,Palau Community College,Koror,PW,2-year
sc-243832,243832,EDP University of Puerto Rico Inc-San Juan,San Juan,PR,2-year
sc-244437,244437,Georgia State University-Perimeter College,Atlanta,GA,2-year
sc-245625,245625,Warren County Community College,Washington,NJ,2-year
sc-245962,245962,Miller-Motte College-Tulsa,Tulsa,OK,2-year
sc-246354,246354,Palo Alto College,San Antonio,TX,2-year
sc-247065,247065,Beckfield College-Florence,Florence,KY,2-year
sc-247603,247603,Sussex County Community College,Newton,NJ,2-year
sc-247649,247649,Landmark College,Putney,VT,2-year
sc-247834,247834,Collin County Community College District,McKinney,TX,2-year
sc-248934,248934,ECPI University,Virginia Beach,VA,2-year
sc-250027,250027,Laurel Technical Institute,Uniontown,PA,2-year
sc-260372,260372,Lac Courte Oreilles Ojibwe University,Hayward,WI,2-year
sc-260691,260691,Pima Medical Institute-Mesa,Mesa,AZ,2-year
sc-262031,262031,St Charles Community College,Cottleville,MO,2-year
sc-363934,363934,University of Advancing Technology,Tempe,AZ,2-year
sc-366003,366003,South Florida Bible College and Theological Seminary,Deerfield Beach,FL,2-year
sc-366252,366252,Pennsylvania College of Technology,Williamsport,PA,2-year
sc-366261,366261,Commonwealth Institute of Funeral Service,Houston,TX,2-year
sc-366340,366340,Stone Child College,Box Elder,MT,2-year
sc-366395,366395,Suffolk County Community College,Selden,NY,2-year
sc-366401,366401,Las Positas College,Livermore,CA,2-year
sc-367361,367361,Interactive College of Technology,Houston,TX,2-year
sc-369400,369400,Universal Technical Institute-Orlando,Orlando,FL,2-year
sc-369455,369455,Worsham College of Mortuary Science,Wheeling,IL,2-year
sc-369516,369516,Bryan University,Springfield,MO,2-year
sc-372073,372073,Fremont University,Cerritos,CA,2-year
sc-375939,375939,YTI Career Institute-Altoona,Altoona,PA,2-year
sc-376224,376224,CEM College-Humacao,Humacao,PR,2-year
sc-376695,376695,College of the Marshall Islands,Majuro,MH,2-year
sc-380368,380368,Fond du Lac Tribal and Community College,Cloquet,MN,2-year
sc-380377,380377,Northwest Indian College,Bellingham,WA,2-year
sc-383190,383190,Hawaii Community College,Hilo,HI,2-year
sc-384412,384412,University of the Potomac-Washington DC Campus,Washington,DC,2-year
sc-386472,386472,Herzing University-Orlando,Winter Park,FL,2-year
sc-389745,389745,Mercaz Hatorah of Belle Harbor,Belle Harbor,NY,2-year
sc-395362,395362,Copper Mountain Community College,Joshua Tree,CA,2-year
sc-399212,399212,Santiago Canyon College,Orange,CA,2-year
sc-404055,404055,Brookline College-Tempe,Tempe,AZ,2-year
sc-405058,405058,Yeshivas Novominsk,Brooklyn,NY,2-year
sc-405872,405872,Carroll Community College,Westminster,MD,2-year
sc-406024,406024,Galen College of Nursing-Tampa Bay,Saint Petersburg,FL,2-year
sc-406033,406033,Galen College of Nursing-San Antonio,San Antonio,TX,2-year
sc-408844,408844,Florida National University-Main Campus,Hialeah,FL,2-year
sc-409315,409315,South Texas College,McAllen,TX,2-year
sc-412173,412173,Academy for Nursing and Health Occupations,West Palm Beach,FL,2-year
sc-413617,413617,College of Menominee Nation,Keshena,WI,2-year
sc-413626,413626,Leech Lake Tribal College,Cass Lake,MN,2-year
sc-414595,414595,Pacific College of Health and Science,New York,NY,2-year
sc-414911,414911,Pennsylvania Highlands Community College,Johnstown,PA,2-year
sc-417734,417734,Southeast Missouri Hospital College of Nursing and Health Sciences,Cape Girardeau,MO,2-year
sc-419244,419244,Atlanta Institute of Music and Media,Duluth,GA,2-year
sc-420398,420398,Northwest Vista College,San Antonio,TX,2-year
sc-420440,420440,York County Community College,Wells,ME,2-year
sc-420556,420556,Columbia Gorge Community College,The Dalles,OR,2-year
sc-420723,420723,Tillamook Bay Community College,Tillamook,OR,2-year
sc-422695,422695,Pacific College,Costa Mesa,CA,2-year
sc-423652,423652,Oregon Coast Community College,Newport,OR,2-year
sc-428170,428170,Southeastern College-Boynton Beach,Boynton Beach,FL,2-year
sc-429128,429128,Urban College of Boston,Boston,MA,2-year
sc-430935,430935,Colegio de Cinematografia Artes y Television,Bayamon,PR,2-year
sc-431983,431983,Yeshiva of the Telshe Alumni,Riverdale,NY,2-year
sc-432384,432384,Platt College-Ontario,Ontario,CA,2-year
sc-433013,433013,Career Networks Institute,Santa Ana,CA,2-year
sc-433536,433536,Herzing University-New Orleans,Metairie,LA,2-year
sc-434016,434016,Little Priest Tribal College,Winnebago,NE,2-year
sc-434432,434432,Myotherapy Institute,Lincoln,NE,2-year
sc-434469,434469,New Professions Technical Institute,Miami,FL,2-year
sc-434672,434672,Community College of Baltimore County,Baltimore,MD,2-year
sc-434751,434751,White Earth Tribal and Community College,Mahnomen,MN,2-year
sc-434900,434900,Dewey University-Carolina,Carolina,PR,2-year
sc-436599,436599,FINE Mortuary College,Norwood,MA,2-year
sc-437750,437750,Professional Golfers Career College,Temecula,CA,2-year
sc-438504,438504,Universal Technical Institute of California Inc,Rancho Cucamonga,CA,2-year
sc-438708,438708,Eastern West Virginia Community and Technical College,Moorefield,WV,2-year
sc-439190,439190,Cascadia College,Bothell,WA,2-year
sc-439367,439367,CBD College,Los Angeles,CA,2-year
sc-439862,439862,Pacific Islands University,Mangilao,GU,2-year
sc-439871,439871,PCI College,Cerritos,CA,2-year
sc-439899,439899,Rosedale Bible College,Irwin,OH,2-year
sc-440651,440651,Atenas University,Manati,PR,2-year
sc-441070,441070,Saginaw Chippewa Tribal College,Mount Pleasant,MI,2-year
sc-441229,441229,Smith Chason College,Los Angeles,CA,2-year
sc-441371,441371,Ultimate Medical Academy,Clearwater,FL,2-year
sc-441609,441609,Yeshiva Shaarei Torah of Rockland,Suffern,NY,2-year
sc-441690,441690,Universidad Pentecostal Mizpa,Rio Piedras,PR,2-year
sc-442356,442356,Saint Joseph's University - Lancaster,Lancaster,PA,2-year
sc-442426,442426,St Louis College of Health Careers-Fenton,Fenton,MO,2-year
sc-442523,442523,Alaska Christian College,Soldotna,AK,2-year
sc-442611,442611,Universal Technical Institute-Mooresville,Mooresville,NC,2-year
sc-442781,442781,Tohono O'odham Community College,Sells,AZ,2-year
sc-443492,443492,Pierpont Community and Technical College,Fairmont,WV,2-year
sc-443650,443650,Miller-Motte College-Chattanooga,Chattanooga,TN,2-year
sc-444219,444219,Folsom Lake College,Folsom,CA,2-year
sc-444334,444334,Advance Science International College,Miami Lakes,FL,2-year
sc-444556,444556,Auguste Escoffier School of Culinary Arts-Austin,Austin,TX,2-year
sc-444565,444565,Culinary Institute Inc,Houston,TX,2-year
sc-444778,444778,Charlotte Christian College and Theological Seminary,Charlotte,NC,2-year
sc-444811,444811,PITC Institute,Wyncote,PA,2-year
sc-444954,444954,Mountwest Community and Technical College,Huntington,WV,2-year
sc-445708,445708,Johnson & Wales University-Charlotte,Charlotte,NC,2-year
sc-446163,446163,Community Christian College,Quartzsite,AZ,2-year
sc-446774,446774,Blue Ridge Community and Technical College,Martinsburg,WV,2-year
sc-447263,447263,Joyce University of Nursing and Health Sciences,Draper,UT,2-year
sc-447582,447582,New River Community and Technical College,Beaver,WV,2-year
sc-447713,447713,California Career College,Canoga Park,CA,2-year
sc-447759,447759,National Polytechnic College,Lakewood,CA,2-year
sc-447777,447777,Asher College,Sacramento,CA,2-year
sc-447935,447935,ATA College,Louisville,KY,2-year
sc-448372,448372,San Joaquin Valley College-Rancho Cordova,Rancho Cordova,CA,2-year
sc-448433,448433,Universal Technical Institute of Northern California Inc,Sacramento,CA,2-year
sc-448594,448594,Lemoore College,Lemoore,CA,2-year
sc-448600,448600,Stautzenberger College-Brecksville,Brecksville,OH,2-year
sc-448673,448673,Rasmussen University-Illinois,Rockford,IL,2-year
sc-449135,449135,Dewey University-Juana Diaz,Juana Diaz,PR,2-year
sc-449506,449506,SABER College,Miami,FL,2-year
sc-449524,449524,Taylor College,Ocala,FL,2-year
sc-449612,449612,Louisiana Culinary Institute,Baton Rouge,LA,2-year
sc-449728,449728,ATA College,Tulsa,OK,2-year
sc-450571,450571,Rasmussen University-Wisconsin,Green Bay,WI,2-year
sc-451103,451103,Miami Regional University,Miami Springs,FL,2-year
sc-451556,451556,Southwest University at El Paso,El Paso,TX,2-year
sc-451750,451750,Bryant & Stratton College-Wauwatosa,Wauwatosa,WI,2-year
sc-452948,452948,Galen College of Nursing-Cincinnati,Cincinnati,OH,2-year
sc-453792,453792,Ohio Medical Career College,Dayton,OH,2-year
sc-454786,454786,Laurus College,San Luis Obispo,CA,2-year
sc-454865,454865,Cambridge College of Healthcare & Technology,Delray Beach,FL,2-year
sc-455114,455114,College of Western Idaho,Nampa,ID,2-year
sc-455196,455196,Jersey College,Teterboro,NJ,2-year
sc-455336,455336,MediaTech Institute-Dallas,Dallas,TX,2-year
sc-455512,455512,Woodland Community College,Woodland,CA,2-year
sc-456454,456454,Fortis College-Salt Lake City,Salt Lake City,UT,2-year
sc-456542,456542,Geisinger Commonwealth School of Medicine,Scranton,PA,2-year
sc-457101,457101,Carrington College-Las Vegas,Las Vegas,NV,2-year
sc-457110,457110,Carrington College-Reno,Reno,NV,2-year
sc-457226,457226,Horizon University,Indianapolis,IN,2-year
sc-457527,457527,Ambria College of Nursing,Hoffman Estates,IL,2-year
sc-457536,457536,Midwestern Career College,Chicago,IL,2-year
sc-460394,460394,Moreno Valley College,Moreno Valley,CA,2-year
sc-460464,460464,Norco College,Norco,CA,2-year
sc-460543,460543,Universal Technical Institute-Dallas Fort Worth,Irving,TX,2-year
sc-461315,461315,Keweenaw Bay Ojibwa Community College,LAnse,MI,2-year
sc-461759,461759,Simmons College of Kentucky,Louisville,KY,2-year
sc-469416,469416,Dewey University-Manati,Manati,PR,2-year
sc-470047,470047,WellSpring School of Allied Health-Lawrence,Lawrence,KS,2-year
sc-475422,475422,Finger Lakes Health College of Nursing & Health Sciences,Geneva,NY,2-year
sc-475565,475565,CUNY Stella and Charles Guttman Community College,New York,NY,2-year
sc-476692,476692,Yeshiva Gedolah Zichron Leyma,Union,NJ,2-year
sc-477233,477233,Evangel University-James River Assembly of God Church,Ozark,MO,2-year
sc-480091,480091,Bryant & Stratton College-Online,Orchard Park,NY,2-year
sc-480204,480204,Platt College-Riverside,Riverside,CA,2-year
sc-480657,480657,Rasmussen University-Kansas,Topeka,KS,2-year
sc-480967,480967,College of the Muscogee Nation,Okmulgee,OK,2-year
sc-481252,481252,Ultrasound Medical Institute,Wellington,FL,2-year
sc-482699,482699,South Georgia State College,Douglas,GA,2-year
sc-484932,484932,BridgeValley Community & Technical College,South  Charleston,WV,2-year
sc-485111,485111,Georgia Military College,Milledgeville,GA,2-year
sc-485546,485546,California Intercontinental University,Sioux Falls,SD,2-year
sc-485768,485768,Atlantis University,Miami,FL,2-year
sc-486196,486196,Beth Medrash Meor Yitzchok,Monsey,NY,2-year
sc-486257,486257,Valor Christian College,Canal Winchester,OH,2-year
sc-486354,486354,United International College,Dania Beach,FL,2-year
sc-486372,486372,San Francisco Film School,San Francisco,CA,2-year
sc-486415,486415,AMG School of Nursing,Brooklyn,NY,2-year
sc-487092,487092,Emory University-Oxford College,Oxford,GA,2-year
sc-487311,487311,Jones Technical Institute,Jacksonville,FL,2-year
sc-487597,487597,Universal Technical Institute-Southern California,Long Beach,CA,2-year
sc-487861,487861,Felbry College,Columbus,OH,2-year
sc-488059,488059,Med College,Hialeah,FL,2-year
sc-488332,488332,Hope College of Arts and Sciences,Pompano Beach,FL,2-year
sc-488350,488350,Yeshiva Gedolah Shaarei Shmuel,Lakewood,NJ,2-year
sc-488730,488730,Northeast Lakeview College,Universal City,TX,2-year
sc-488776,488776,John Patrick University of Health and Applied Sciences,South Bend,IN,2-year
sc-489201,489201,Clovis Community College,Fresno,CA,2-year
sc-490054,490054,HCI College,West Palm Beach,FL,2-year
sc-490160,490160,Sacramento Ultrasound Institute,Sacramento,CA,2-year
sc-490203,490203,Bolivar Technical College,Bolivar,MO,2-year
sc-490346,490346,Elyon College,Brooklyn,NY,2-year
sc-490878,490878,Platt College-Anaheim,Anaheim,CA,2-year
sc-490975,490975,Fortis College-Cutler Bay,Cutler Bay,FL,2-year
sc-491181,491181,Galen College of Nursing-ARH,Hazard,KY,2-year
sc-491622,491622,Yeshiva Chemdas Hatorah,Lakewood,NJ,2-year
sc-491640,491640,Yeshiva Gedolah Keren Hatorah,Lakewood,NJ,2-year
sc-491844,491844,Red Lake Nation College,Red Lake,MN,2-year
sc-491914,491914,Yeshiva Gedola Tiferes Yerachmiel,Lakewood,NJ,2-year
sc-492476,492476,EDP University of Puerto Rico-Villalba,Villalba,PR,2-year
sc-493488,493488,Premiere International College,Fort Myers,FL,2-year
sc-493646,493646,Ohel Margulia Seminary,Monsey,NY,2-year
sc-493707,493707,Yeshiva Gedolah of Woodlake Village,Lakewood,NJ,2-year
sc-493716,493716,Yeshiva Gedola Tiferes Yaakov Yitzchok,Lakewood,NJ,2-year
sc-493798,493798,New York Seminary,Brooklyn,NY,2-year
sc-493974,493974,College of Athens,Watkinsville,GA,2-year
sc-494278,494278,EDP University of Puerto Rico-Humacao,Humacao,PR,2-year
sc-494287,494287,EDP University of Puerto Rico-Manati,Manati,PR,2-year
sc-494436,494436,Fortis Institute-Cookeville,Cookeville,TN,2-year
sc-494746,494746,North-West College-San Diego,San Diego,CA,2-year
sc-494898,494898,WellSpring School of Allied Health-Wichita,Wichita,KS,2-year
sc-494959,494959,Northern Pennsylvania Regional College,Warren,PA,2-year
sc-494986,494986,Apex College of Veterinary Technology,Colorado Springs,CO,2-year
sc-495147,495147,Pacific Northwest Christian College,Kennewick,WA,2-year
sc-495271,495271,California Indian Nations College,Palm Desert,CA,2-year
sc-495280,495280,Indian Bible College,Flagstaff,AZ,2-year
sc-496405,496405,Newlane University,Lehi,UT,2-year
sc-496636,496636,Antigua College International,Miami Lakes,FL,2-year
sc-496654,496654,Sri Sai Krish Institute,ORANGE,CA,2-year
sc-496973,496973,Herzing University-Tampa,Tampa,FL,2-year
sc-496991,496991,Galen Health Institutes-Miami Campus,Pembroke Pines,FL,2-year
sc-497046,497046,Madera Community College,Madera,CA,2-year
sc-497116,497116,Galen Health Institutes-Austin Campus,Round Rock,TX,2-year
sc-497125,497125,Galen Health Institutes-Nashville Campus,Nashville,TN,2-year
sc-497338,497338,Glendale Career College-North-West College-Bakersfield,Bakersfield,CA,2-year
sc-497657,497657,Hawaii Tokai International College,Kapolei,HI,2-year
sc-497833,497833,Marian University-Ancilla,Plymouth,IN,2-year
sc-498030,498030,Universal Technical Institute-South Florida Miramar,Miramar,FL,2-year
sc-498076,498076,Galen Health Institutes-Sarasota,Sarasota,FL,2-year
sc-498085,498085,Galen Health Institutes-Gainesville,Gainesville,FL,2-year
sc-498094,498094,Galen Health Institutes-Richmond,Richmond,VA,2-year
sc-498100,498100,Galen Health Institutes-Myrtle Beach,Myrtle Beach,SC,2-year
sc-498119,498119,Galen Health Institutes-Asheville,Asheville,NC,2-year
sc-498474,498474,Galen Health Institutes-Houston,Houston,TX,2-year
sc-499176,499176,College of Biomedical Equipment Technology,Schertz,TX,2-year
sc-499273,499273,Galen Health Institutes-Dallas,Richardson,TX,2-year
sc-499282,499282,Galen Health Institutes-Roanoke,Roanoke,VA,2-year
sc-499291,499291,Galen Health Institutes-Wichita,Wichita,KS,2-year
sc-499307,499307,Galen Health Institutes-Salt Lake City,Draper,UT,2-year
sc-499413,499413,Glendale Career College-North-West College-MFSON,West Covina,CA,2-year
sc-499635,499635,EDP University of Puerto Rico-Caguas,Caguas,PR,2-year
sc-499671,499671,Galen Health Institutes-Las Vegas,Las Vegas,NV,2-year
sc-499680,499680,Stellar Career College-Crown Point,Crown Point,IN,2-year
sc-499811,499811,Ricketts Great Books College,Omaha,NE,2-year
sc-499875,499875,Mosdos Yaakov V'Yisroel,Lakewood,NJ,2-year
sc-500087,500087,Doral College,Doral,FL,2-year
sc-500759,500759,Eisek Hatorah DRachmistrivka,Staten Island,NY,2-year
sc-500810,500810,Bet Midrash Ohel Torah,Lakewood,NJ,2-year
sc-500944,500944,Galen Health Institutes-Aurora,Aurora,CO,2-year
sc-500953,500953,Galen Health Institutes-Savannah,Pooler,GA,2-year
sc-500962,500962,Galen Health Institutes-Orlando,Orlando,FL,2-year
sc-500971,500971,Carrington College-Bakersfield,Bakersfield,CA,2-year
sc-500999,500999,Carrington College-Fresno,Fresno,CA,2-year
sc-501008,501008,Carrington College-Hesperia,Hesperia,CA,2-year
sc-501017,501017,Carrington College-Lancaster,Lancaster,CA,2-year
sc-501026,501026,Carrington College-Modesto,Salida,CA,2-year
sc-501035,501035,Carrington College-Ontario,Ontario,CA,2-year
sc-501044,501044,Carrington College-Rancho Cordova,Rancho Cordova,CA,2-year
sc-501053,501053,Carrington College-Rancho Mirage,Rancho Mirage,CA,2-year
sc-501062,501062,Carrington College-Santa Maria,Santa Maria,CA,2-year
sc-501071,501071,Carrington College-Temecula,Temecula,CA,2-year
sc-501080,501080,Carrington College-Visalia,Visalia,CA,2-year
sc-501196,501196,College of Health Care Professions-Garland,Garland,TX,2-year
sc-501293,501293,Glendale Career College-Nevada Career Institute-MFSON,Las Vegas,NV,2-year
sc-501327,501327,Glendale Career College-North-West College-MFSON-Riverside,Riverside,CA,2-year
sc-501390,501390,Yeshiva Gedola Amidei Dgirsa,Brooklyn,NY,2-year
sc-501406,501406,Care Hope College,Jupiter,FL,2-year
sc-501664,501664,San Joaquin Valley College-San Leandro,San Leandro,CA,2-year
sc-501673,501673,San Joaquin Valley College-Sacramento,Sacramento,CA,2-year
sc-501682,501682,San Joaquin Valley College-Phoenix,Phoenix,AZ,2-year
sc-100654,100654,Alabama A & M University,Normal,AL,4-year
sc-100663,100663,University of Alabama at Birmingham,Birmingham,AL,4-year
sc-100690,100690,Amridge University,Montgomery,AL,4-year
sc-100706,100706,University of Alabama in Huntsville,Huntsville,AL,4-year
sc-100724,100724,Alabama State University,Montgomery,AL,4-year
sc-100751,100751,The University of Alabama,Tuscaloosa,AL,4-year
sc-100812,100812,Athens State University,Athens,AL,4-year
sc-100830,100830,Auburn University at Montgomery,Montgomery,AL,4-year
sc-100858,100858,Auburn University,Auburn,AL,4-year
sc-101116,101116,South University-Montgomery,Montgomery,AL,4-year
sc-101189,101189,Faulkner University,Montgomery,AL,4-year
sc-101435,101435,Huntingdon College,Montgomery,AL,4-year
sc-101453,101453,Heritage Christian University,Florence,AL,4-year
sc-101480,101480,Jacksonville State University,Jacksonville,AL,4-year
sc-101587,101587,University of West Alabama,Livingston,AL,4-year
sc-101675,101675,Miles College,Fairfield,AL,4-year
sc-101693,101693,University of Mobile,Mobile,AL,4-year
sc-101709,101709,University of Montevallo,Montevallo,AL,4-year
sc-101879,101879,University of North Alabama,Florence,AL,4-year
sc-101912,101912,Oakwood University,Huntsville,AL,4-year
sc-102049,102049,Samford University,Birmingham,AL,4-year
sc-102058,102058,Selma University,Selma,AL,4-year
sc-102094,102094,University of South Alabama,Mobile,AL,4-year
sc-102234,102234,Spring Hill College,Mobile,AL,4-year
sc-102270,102270,Stillman College,Tuscaloosa,AL,4-year
sc-102298,102298,Talladega College,Talladega,AL,4-year
sc-102368,102368,Troy University,Troy,AL,4-year
sc-102377,102377,Tuskegee University,Tuskegee,AL,4-year
sc-102395,102395,United States Sports University,Daphne,AL,4-year
sc-102553,102553,University of Alaska Anchorage,Anchorage,AK,4-year
sc-102580,102580,Alaska Bible College,Palmer,AK,4-year
sc-102614,102614,University of Alaska Fairbanks,Fairbanks,AK,4-year
sc-104151,104151,Arizona State University Campus Immersion,Tempe,AZ,4-year
university-of-arizona,104179,University of Arizona,Tucson,AZ,4-year
sc-104586,104586,Embry-Riddle Aeronautical University-Prescott,Prescott,AZ,4-year
sc-104717,104717,Grand Canyon University,Phoenix,AZ,4-year
sc-105330,105330,Northern Arizona University,Flagstaff,AZ,4-year
sc-105589,105589,Prescott College,Prescott,AZ,4-year
sc-105899,105899,Arizona Christian University,Glendale,AZ,4-year
sc-106245,106245,University of Arkansas at Little Rock,Little Rock,AR,4-year
sc-106263,106263,University of Arkansas for Medical Sciences,Little Rock,AR,4-year
sc-106306,106306,Arkansas Baptist College,Little Rock,AR,4-year
sc-106342,106342,Lyon College,Batesville,AR,4-year
sc-106397,106397,University of Arkansas,Fayetteville,AR,4-year
sc-106412,106412,University of Arkansas at Pine Bluff,Pine Bluff,AR,4-year
sc-106458,106458,Arkansas State University,Jonesboro,AR,4-year
sc-106704,106704,University of Central Arkansas,Conway,AR,4-year
sc-106713,106713,Central Baptist College,Conway,AR,4-year
sc-106810,106810,Crowley's Ridge College,Paragould,AR,4-year
sc-107044,107044,Harding University,Searcy,AR,4-year
sc-107071,107071,Henderson State University,Arkadelphia,AR,4-year
sc-107080,107080,Hendrix College,Conway,AR,4-year
sc-107141,107141,John Brown University,Siloam Springs,AR,4-year
sc-107512,107512,Ouachita Baptist University,Arkadelphia,AR,4-year
sc-107558,107558,University of the Ozarks,Clarksville,AR,4-year
sc-107600,107600,Philander Smith University,Little Rock,AR,4-year
sc-107877,107877,Williams Baptist University,Walnut Ridge,AR,4-year
sc-107983,107983,Southern Arkansas University Main Campus,Magnolia,AR,4-year
sc-108232,108232,Academy of Art University,San Francisco,CA,4-year
sc-109651,109651,Art Center College of Design,Pasadena,CA,4-year
sc-109785,109785,Azusa Pacific University,Azusa,CA,4-year
sc-110060,110060,Bethesda University,Anaheim,CA,4-year
sc-110097,110097,Biola University,La Mirada,CA,4-year
sc-110316,110316,California Institute of Integral Studies,San Francisco,CA,4-year
sc-110361,110361,California Baptist University,Riverside,CA,4-year
sc-110370,110370,California College of the Arts,San Francisco,CA,4-year
sc-110404,110404,California Institute of Technology,Pasadena,CA,4-year
sc-110413,110413,California Lutheran University,Thousand Oaks,CA,4-year
sc-110422,110422,California Polytechnic State University-San Luis Obispo,San Luis Obispo,CA,4-year
sc-110486,110486,California State University-Bakersfield,Bakersfield,CA,4-year
sc-110495,110495,California State University-Stanislaus,Turlock,CA,4-year
sc-110510,110510,California State University-San Bernardino,San Bernardino,CA,4-year
sc-110529,110529,California State Polytechnic University-Pomona,Pomona,CA,4-year
sc-110538,110538,California State University-Chico,Chico,CA,4-year
sc-110547,110547,California State University-Dominguez Hills,Carson,CA,4-year
sc-110556,110556,California State University-Fresno,Fresno,CA,4-year
sc-110565,110565,California State University-Fullerton,Fullerton,CA,4-year
sc-110574,110574,California State University-East Bay,Hayward,CA,4-year
sc-110583,110583,California State University-Long Beach,Long Beach,CA,4-year
sc-110592,110592,California State University-Los Angeles,Los Angeles,CA,4-year
sc-110608,110608,California State University-Northridge,Northridge,CA,4-year
sc-110617,110617,California State University-Sacramento,Sacramento,CA,4-year
sc-110635,110635,University of California-Berkeley,Berkeley,CA,4-year
sc-110644,110644,University of California-Davis,Davis,CA,4-year
sc-110653,110653,University of California-Irvine,Irvine,CA,4-year
sc-110662,110662,University of California-Los Angeles,Los Angeles,CA,4-year
sc-110671,110671,University of California-Riverside,Riverside,CA,4-year
sc-110680,110680,University of California-San Diego,La Jolla,CA,4-year
sc-110705,110705,University of California-Santa Barbara,Santa Barbara,CA,4-year
sc-110714,110714,University of California-Santa Cruz,Santa Cruz,CA,4-year
sc-110778,110778,Sofia University,Palo Alto,CA,4-year
sc-111045,111045,Haven University,Garden Grove,CA,4-year
sc-111081,111081,California Institute of the Arts,Valencia,CA,4-year
sc-111188,111188,Cal Poly Maritime Academy,Vallejo,CA,4-year
sc-111948,111948,Chapman University,Orange,CA,4-year
sc-111966,111966,Charles R Drew University of Medicine and Science,Los Angeles,CA,4-year
sc-112075,112075,Concordia University-Irvine,Irvine,CA,4-year
sc-112084,112084,San Diego Christian College,Santee,CA,4-year
sc-112260,112260,Claremont McKenna College,Claremont,CA,4-year
sc-112394,112394,University of Silicon Valley,San Jose,CA,4-year
sc-113582,113582,Design Institute of San Diego,San Diego,CA,4-year
sc-113698,113698,Dominican University of California,San Rafael,CA,4-year
sc-114813,114813,Fresno Pacific University,Fresno,CA,4-year
sc-115083,115083,Golden Gate University,San Francisco,CA,4-year
sc-115409,115409,Harvey Mudd College,Claremont,CA,4-year
sc-115755,115755,California State Polytechnic University-Humboldt,Arcata,CA,4-year
sc-115773,115773,Humphreys University,Stockton,CA,4-year
sc-117104,117104,Life Pacific University,San Dimas,CA,4-year
sc-117140,117140,University of La Verne,La Verne,CA,4-year
sc-117168,117168,Laguna College of Art and Design,Laguna Beach,CA,4-year
sc-117557,117557,Lincoln University,Oakland,CA,4-year
sc-117575,117575,Southern California Seminary,El Cajon,CA,4-year
sc-117627,117627,La Sierra University,Riverside,CA,4-year
sc-117636,117636,Loma Linda University,Loma Linda,CA,4-year
sc-117751,117751,The Master's University and Seminary,Santa Clarita,CA,4-year
sc-117946,117946,Loyola Marymount University,Los Angeles,CA,4-year
sc-118693,118693,Menlo College,Atherton,CA,4-year
sc-118888,118888,Northeastern University Oakland,Oakland,CA,4-year
sc-119058,119058,Middlebury Institute of International Studies at Monterey,Monterey,CA,4-year
sc-119173,119173,Mount Saint Mary's University,Los Angeles,CA,4-year
sc-119605,119605,National University,San Diego,CA,4-year
sc-119775,119775,Newschool of Architecture and Design,San Diego,CA,4-year
sc-120166,120166,San Francisco Bay University,Fremont,CA,4-year
sc-120184,120184,Notre Dame de Namur University,Belmont,CA,4-year
sc-120254,120254,Occidental College,Los Angeles,CA,4-year
sc-120403,120403,Otis College of Art and Design,Los Angeles,CA,4-year
sc-120537,120537,Hope International University,Fullerton,CA,4-year
sc-120698,120698,Palo Alto University,Palo Alto,CA,4-year
sc-120768,120768,Pacific Oaks College,Pasadena,CA,4-year
sc-120883,120883,University of the Pacific,Stockton,CA,4-year
sc-121150,121150,Pepperdine University,Malibu,CA,4-year
sc-121257,121257,Pitzer College,Claremont,CA,4-year
sc-121309,121309,Point Loma Nazarene University,San Diego,CA,4-year
sc-121345,121345,Pomona College,Claremont,CA,4-year
sc-121691,121691,University of Redlands,Redlands,CA,4-year
sc-122296,122296,Samuel Merritt University,Oakland,CA,4-year
sc-122409,122409,San Diego State University,San Diego,CA,4-year
sc-122436,122436,University of San Diego,San Diego,CA,4-year
sc-122506,122506,San Francisco Conservatory of Music,San Francisco,CA,4-year
sc-122597,122597,San Francisco State University,San Francisco,CA,4-year
sc-122612,122612,University of San Francisco,San Francisco,CA,4-year
sc-122728,122728,William Jessup University,Rocklin,CA,4-year
sc-122755,122755,San Jose State University,San Jose,CA,4-year
sc-122931,122931,Santa Clara University,Santa Clara,CA,4-year
sc-123165,123165,Scripps College,Claremont,CA,4-year
sc-123280,123280,Shasta Bible College and Graduate School,Redding,CA,4-year
sc-123457,123457,Simpson University,Redding,CA,4-year
sc-123554,123554,Saint Mary's College of California,Moraga,CA,4-year
sc-123572,123572,Sonoma State University,Rohnert Park,CA,4-year
sc-123651,123651,Vanguard University of Southern California,Costa Mesa,CA,4-year
sc-123952,123952,Southern California Institute of Architecture,Los Angeles,CA,4-year
sc-123961,123961,University of Southern California,Los Angeles,CA,4-year
sc-124292,124292,Thomas Aquinas College,Santa Paula,CA,4-year
sc-124487,124487,Epic Bible College & Graduate School,Sacramento,CA,4-year
sc-125231,125231,Walden University,Minneapolis,MN,4-year
sc-125727,125727,Westmont College,Santa Barbara,CA,4-year
sc-125763,125763,Whittier College,Whittier,CA,4-year
sc-125897,125897,Woodbury University,Burbank,CA,4-year
sc-126076,126076,Yeshiva Ohr Elchonon Chabad West Coast Talmudical Seminary,Los Angeles,CA,4-year
sc-126182,126182,Adams State University,Alamosa,CO,4-year
sc-126562,126562,University of Colorado Denver/Anschutz Medical Campus,Denver,CO,4-year
sc-126580,126580,University of Colorado Colorado Springs,Colorado Springs,CO,4-year
university-of-colorado-boulder,126614,University of Colorado Boulder,Boulder,CO,4-year
sc-126669,126669,Colorado Christian University,Lakewood,CO,4-year
colorado-college,126678,Colorado College,Colorado Springs,CO,4-year
sc-126775,126775,Colorado School of Mines,Golden,CO,4-year
colorado-state-university,126818,Colorado State University-Fort Collins,Fort Collins,CO,4-year
sc-126827,126827,Colorado Technical University-Colorado Springs,Colorado Springs,CO,4-year
university-of-denver,127060,University of Denver,Denver,CO,4-year
sc-127185,127185,Fort Lewis College,Durango,CO,4-year
sc-127565,127565,Metropolitan State University of Denver,Denver,CO,4-year
sc-127653,127653,Naropa University,Boulder,CO,4-year
sc-127714,127714,Nazarene Bible College,Colorado Springs,CO,4-year
sc-127741,127741,University of Northern Colorado,Greeley,CO,4-year
sc-127918,127918,Regis University,Denver,CO,4-year
sc-127945,127945,Rocky Mountain College of Art and Design,Lakewood,CO,4-year
sc-128106,128106,Colorado State University Pueblo,Pueblo,CO,4-year
sc-128328,128328,United States Air Force Academy,USAF Academy,CO,4-year
sc-128391,128391,Western Colorado University,Gunnison,CO,4-year
sc-128498,128498,Albertus Magnus College,New Haven,CT,4-year
sc-128744,128744,University of Bridgeport,Bridgeport,CT,4-year
sc-128771,128771,Central Connecticut State University,New Britain,CT,4-year
sc-128780,128780,Charter Oak State College,New Britain,CT,4-year
sc-128902,128902,Connecticut College,New London,CT,4-year
sc-129020,129020,University of Connecticut,Storrs,CT,4-year
sc-129215,129215,Eastern Connecticut State University,Willimantic,CT,4-year
sc-129242,129242,Fairfield University,Fairfield,CT,4-year
sc-129525,129525,University of Hartford,West Hartford,CT,4-year
sc-129534,129534,Holy Apostles College and Seminary,Cromwell,CT,4-year
sc-129774,129774,Mitchell College,New London,CT,4-year
sc-129941,129941,University of New Haven,West Haven,CT,4-year
sc-130183,130183,Post University,Waterbury,CT,4-year
sc-130226,130226,Quinnipiac University,Hamden,CT,4-year
sc-130253,130253,Sacred Heart University,Fairfield,CT,4-year
sc-130314,130314,University of Saint Joseph,West Hartford,CT,4-year
sc-130493,130493,Southern Connecticut State University,New Haven,CT,4-year
sc-130590,130590,Trinity College,Hartford,CT,4-year
sc-130624,130624,United States Coast Guard Academy,New London,CT,4-year
sc-130697,130697,Wesleyan University,Middletown,CT,4-year
sc-130776,130776,Western Connecticut State University,Danbury,CT,4-year
sc-130794,130794,Yale University,New Haven,CT,4-year
sc-130934,130934,Delaware State University,Dover,DE,4-year
sc-130943,130943,University of Delaware,Newark,DE,4-year
sc-130989,130989,Goldey-Beacom College,Wilmington,DE,4-year
sc-131113,131113,Wilmington University,New Castle,DE,4-year
american-university,131159,American University,Washington,DC,4-year
sc-131283,131283,The Catholic University of America,Washington,DC,4-year
sc-131450,131450,Gallaudet University,Washington,DC,4-year
sc-131469,131469,George Washington University,Washington,DC,4-year
sc-131496,131496,Georgetown University,Washington,DC,4-year
sc-131520,131520,Howard University,Washington,DC,4-year
sc-131803,131803,Strayer University-District of Columbia,Washington,DC,4-year
sc-131876,131876,Trinity Washington University,Washington,DC,4-year
sc-132408,132408,Baptist University of Florida,Graceville,FL,4-year
sc-132471,132471,Barry University,Miami,FL,4-year
sc-132602,132602,Bethune-Cookman University,Daytona Beach,FL,4-year
sc-132657,132657,Lynn University,Boca Raton,FL,4-year
sc-132842,132842,Albizu University-Miami,Miami,FL,4-year
sc-132903,132903,University of Central Florida,Orlando,FL,4-year
sc-133465,133465,South University-West Palm Beach,Royal Palm Beach,FL,4-year
sc-133492,133492,Eckerd College,Saint Petersburg,FL,4-year
sc-133526,133526,Edward Waters University,Jacksonville,FL,4-year
sc-133553,133553,Embry-Riddle Aeronautical University-Daytona Beach,Daytona Beach,FL,4-year
sc-133650,133650,Florida Agricultural and Mechanical University,Tallahassee,FL,4-year
sc-133669,133669,Florida Atlantic University,Boca Raton,FL,4-year
sc-133711,133711,Flagler College,Saint Augustine,FL,4-year
sc-133809,133809,Florida College,Temple Terrace,FL,4-year
sc-133872,133872,AdventHealth University,Orlando,FL,4-year
sc-133881,133881,Florida Institute of Technology,Melbourne,FL,4-year
sc-133951,133951,Florida International University,Miami,FL,4-year
sc-133979,133979,Florida Memorial University,Miami Gardens,FL,4-year
sc-134079,134079,Florida Southern College,Lakeland,FL,4-year
sc-134097,134097,Florida State University,Tallahassee,FL,4-year
sc-134130,134130,University of Florida,Gainesville,FL,4-year
sc-134237,134237,Full Sail University,Winter Park,FL,4-year
sc-134510,134510,Hobe Sound Bible College,Hobe Sound,FL,4-year
sc-134945,134945,Jacksonville University,Jacksonville,FL,4-year
sc-135364,135364,Luther Rice College & Seminary,Lithonia,GA,4-year
sc-135726,135726,University of Miami,Coral Gables,FL,4-year
sc-136172,136172,University of North Florida,Jacksonville,FL,4-year
sc-136215,136215,Nova Southeastern University,Fort Lauderdale,FL,4-year
sc-136330,136330,Palm Beach Atlantic University,West Palm Beach,FL,4-year
sc-136455,136455,PENSACOLA CHRISTIAN COLLEGE,Pensacola,FL,4-year
sc-136774,136774,Ringling College of Art and Design,Sarasota,FL,4-year
sc-136950,136950,Rollins College,Winter Park,FL,4-year
sc-137032,137032,Saint Leo University,Saint Leo,FL,4-year
sc-137272,137272,St. John Vianney College Seminary,Miami,FL,4-year
sc-137351,137351,University of South Florida,Tampa,FL,4-year
sc-137476,137476,St. Thomas University,Miami Gardens,FL,4-year
sc-137546,137546,Stetson University,DeLand,FL,4-year
sc-137564,137564,Southeastern University,Lakeland,FL,4-year
sc-137777,137777,Talmudic College of Florida,Miami Beach,FL,4-year
sc-137847,137847,The University of Tampa,Tampa,FL,4-year
sc-137953,137953,Trinity College of Jacksonville,Jacksonville,FL,4-year
sc-137962,137962,Trinity College of Florida,Trinity,FL,4-year
sc-138275,138275,Warner University,Lake Wales,FL,4-year
sc-138293,138293,Webber International University,Babson Park,FL,4-year
sc-138354,138354,University of West Florida,Pensacola,FL,4-year
sc-138558,138558,Abraham Baldwin Agricultural College,Tifton,GA,4-year
sc-138600,138600,Agnes Scott College,Decatur,GA,4-year
sc-138716,138716,Albany State University,Albany,GA,4-year
sc-138868,138868,Point University,West Point,GA,4-year
sc-138947,138947,Clark Atlanta University,Atlanta,GA,4-year
sc-139144,139144,Berry College,Mount Berry,GA,4-year
sc-139153,139153,Beulah Heights University,Atlanta,GA,4-year
sc-139199,139199,Brenau University,Gainesville,GA,4-year
sc-139311,139311,Clayton  State University,Morrow,GA,4-year
sc-139366,139366,Columbus State University,Columbus,GA,4-year
sc-139393,139393,Covenant College,Lookout Mountain,GA,4-year
sc-139463,139463,Dalton State College,Dalton,GA,4-year
sc-139579,139579,South University-Savannah,Savannah,GA,4-year
sc-139630,139630,Emmanuel University,Franklin Springs,GA,4-year
sc-139658,139658,Emory University,Atlanta,GA,4-year
sc-139719,139719,Fort Valley State University,Fort Valley,GA,4-year
sc-139755,139755,Georgia Institute of Technology-Main Campus,Atlanta,GA,4-year
sc-139764,139764,Georgia Southwestern State University,Americus,GA,4-year
sc-139861,139861,Georgia College & State University,Milledgeville,GA,4-year
sc-139931,139931,Georgia Southern University,Statesboro,GA,4-year
sc-139940,139940,Georgia State University,Atlanta,GA,4-year
sc-139959,139959,University of Georgia,Athens,GA,4-year
sc-139968,139968,Gordon State College,Barnesville,GA,4-year
sc-140234,140234,LaGrange College,Lagrange,GA,4-year
sc-140252,140252,Life University,Marietta,GA,4-year
sc-140340,140340,Herzing University-Atlanta,Atlanta,GA,4-year
sc-140447,140447,Mercer University,Macon,GA,4-year
sc-140553,140553,Morehouse College,Atlanta,GA,4-year
sc-140571,140571,Morris Brown College,Atlanta,GA,4-year
sc-140696,140696,Oglethorpe University,Atlanta,GA,4-year
sc-140720,140720,Paine College,Augusta,GA,4-year
sc-140818,140818,Piedmont University,Demorest,GA,4-year
sc-140872,140872,Reinhardt University,Waleska,GA,4-year
sc-140951,140951,Savannah College of Art and Design,Savannah,GA,4-year
sc-140960,140960,Savannah State University,Savannah,GA,4-year
sc-140988,140988,Shorter University,Rome,GA,4-year
sc-141060,141060,Spelman College,Atlanta,GA,4-year
sc-141167,141167,Thomas University,Thomasville,GA,4-year
sc-141185,141185,Toccoa Falls College,Toccoa Falls,GA,4-year
sc-141237,141237,Truett McConnell University,Cleveland,GA,4-year
sc-141264,141264,Valdosta State University,Valdosta,GA,4-year
sc-141325,141325,Wesleyan College,Macon,GA,4-year
sc-141334,141334,University of West Georgia,Carrollton,GA,4-year
sc-141361,141361,Young Harris College,Young Harris,GA,4-year
sc-141486,141486,Chaminade University of Honolulu,Honolulu,HI,4-year
sc-141565,141565,University of Hawaii at Hilo,Hilo,HI,4-year
sc-141574,141574,University of Hawaii at Manoa,Honolulu,HI,4-year
sc-141644,141644,Hawaii Pacific University,Honolulu,HI,4-year
sc-141981,141981,University of Hawaii-West Oahu,Kapolei,HI,4-year
sc-142090,142090,Boise Bible College,Boise,ID,4-year
sc-142115,142115,Boise State University,Boise,ID,4-year
sc-142276,142276,Idaho State University,Pocatello,ID,4-year
sc-142285,142285,University of Idaho,Moscow,ID,4-year
sc-142294,142294,The College of Idaho,Caldwell,ID,4-year
sc-142328,142328,Lewis-Clark State College,Lewiston,ID,4-year
sc-142461,142461,Northwest Nazarene University,Nampa,ID,4-year
sc-142832,142832,Adler University,Chicago,IL,4-year
sc-142957,142957,American Islamic College,Chicago,IL,4-year
sc-143048,143048,School of the Art Institute of Chicago,Chicago,IL,4-year
sc-143084,143084,Augustana College,Rock Island,IL,4-year
sc-143118,143118,Aurora University,Aurora,IL,4-year
sc-143288,143288,Blackburn College,Carlinville,IL,4-year
sc-143297,143297,Blessing Rieman College of Nursing and Health Sciences,Quincy,IL,4-year
sc-143358,143358,Bradley University,Peoria,IL,4-year
sc-143978,143978,The Chicago School at Chicago,Chicago,IL,4-year
sc-144005,144005,Chicago State University,Chicago,IL,4-year
sc-144050,144050,University of Chicago,Chicago,IL,4-year
sc-144281,144281,Columbia College Chicago,Chicago,IL,4-year
sc-144351,144351,Concordia University-Chicago,River Forest,IL,4-year
sc-144740,144740,DePaul University,Chicago,IL,4-year
sc-144883,144883,East-West University,Chicago,IL,4-year
sc-144892,144892,Eastern Illinois University,Charleston,IL,4-year
sc-144962,144962,Elmhurst University,Elmhurst,IL,4-year
sc-144971,144971,Eureka College,Eureka,IL,4-year
sc-145336,145336,Governors State University,University Park,IL,4-year
sc-145372,145372,Greenville University,Greenville,IL,4-year
sc-145497,145497,Hebrew Theological College,Skokie,IL,4-year
sc-145600,145600,University of Illinois Chicago,Chicago,IL,4-year
sc-145619,145619,Benedictine University,Lisle,IL,4-year
sc-145637,145637,University of Illinois Urbana-Champaign,Champaign,IL,4-year
sc-145646,145646,Illinois Wesleyan University,Bloomington,IL,4-year
sc-145691,145691,Illinois College,Jacksonville,IL,4-year
sc-145725,145725,Illinois Institute of Technology,Chicago,IL,4-year
sc-145813,145813,Illinois State University,Normal,IL,4-year
sc-146339,146339,Judson University,Elgin,IL,4-year
sc-146427,146427,Knox College,Galesburg,IL,4-year
sc-146481,146481,Lake Forest College,Lake Forest,IL,4-year
sc-146533,146533,Lakeview College of Nursing,Danville,IL,4-year
sc-146612,146612,Lewis University,Romeoville,IL,4-year
sc-146719,146719,Loyola University Chicago,Chicago,IL,4-year
sc-146755,146755,Trinity College of Nursing & Health Sciences,Rock Island,IL,4-year
sc-147013,147013,McKendree University,Lebanon,IL,4-year
sc-147129,147129,Methodist College,Peoria,IL,4-year
sc-147244,147244,Millikin University,Decatur,IL,4-year
sc-147341,147341,Monmouth College,Monmouth,IL,4-year
sc-147369,147369,Moody Bible Institute,Chicago,IL,4-year
sc-147536,147536,National Louis University,Chicago,IL,4-year
sc-147590,147590,National University of Health Sciences,Lombard,IL,4-year
sc-147660,147660,North Central College,Naperville,IL,4-year
sc-147679,147679,North Park University,Chicago,IL,4-year
sc-147703,147703,Northern Illinois University,Dekalb,IL,4-year
sc-147767,147767,Northwestern University,Evanston,IL,4-year
sc-147776,147776,Northeastern Illinois University,Chicago,IL,4-year
sc-147828,147828,Olivet Nazarene University,Bourbonnais,IL,4-year
sc-148016,148016,Principia College,Elsah,IL,4-year
sc-148131,148131,Quincy University,Quincy,IL,4-year
sc-148405,148405,Rockford University,Rockford,IL,4-year
sc-148487,148487,Roosevelt University,Chicago,IL,4-year
sc-148496,148496,Dominican University,River Forest,IL,4-year
sc-148511,148511,Rush University,Chicago,IL,4-year
sc-148575,148575,Saint Francis Medical Center College of Nursing,Peoria,IL,4-year
sc-148584,148584,University of St Francis,Joliet,IL,4-year
sc-148593,148593,St. John's College,Springfield,IL,4-year
sc-148627,148627,Saint Xavier University,Chicago,IL,4-year
sc-148654,148654,University of Illinois Springfield,Springfield,IL,4-year
sc-149028,149028,Saint Anthony College of Nursing,Rockford,IL,4-year
sc-149222,149222,Southern Illinois University-Carbondale,Carbondale,IL,4-year
sc-149231,149231,Southern Illinois University Edwardsville,Edwardsville,IL,4-year
sc-149329,149329,Telshe Yeshiva-Chicago,Chicago,IL,4-year
sc-149505,149505,Trinity Christian College,Palos Heights,IL,4-year
sc-149514,149514,Trinity International University-Illinois,Deerfield,IL,4-year
sc-149639,149639,VanderCook College of Music,Chicago,IL,4-year
sc-149772,149772,Western Illinois University,Macomb,IL,4-year
sc-149781,149781,Wheaton College,Wheaton,IL,4-year
sc-150066,150066,Anderson University,Anderson,IN,4-year
sc-150136,150136,Ball State University,Muncie,IN,4-year
sc-150145,150145,Bethel University,Mishawaka,IN,4-year
sc-150163,150163,Butler University,Indianapolis,IN,4-year
sc-150172,150172,Calumet College of Saint Joseph,Whiting,IN,4-year
sc-150400,150400,DePauw University,Greencastle,IN,4-year
sc-150455,150455,Earlham College,Richmond,IN,4-year
sc-150534,150534,University of Evansville,Evansville,IN,4-year
sc-150604,150604,Franklin College,Franklin,IN,4-year
sc-150668,150668,Goshen College,Goshen,IN,4-year
sc-150677,150677,Grace College and Theological Seminary,Winona Lake,IN,4-year
sc-150756,150756,Hanover College,Hanover,IN,4-year
sc-150774,150774,Holy Cross College,Notre Dame,IN,4-year
sc-150941,150941,Huntington University,Huntington,IN,4-year
sc-151102,151102,Purdue University Fort Wayne,Fort Wayne,IN,4-year
sc-151111,151111,Indiana University-Indianapolis,Indianapolis,IN,4-year
sc-151263,151263,University of Indianapolis,Indianapolis,IN,4-year
sc-151290,151290,Indiana Institute of Technology,Fort Wayne,IN,4-year
sc-151324,151324,Indiana State University,Terre Haute,IN,4-year
sc-151333,151333,Indiana University-Kokomo,Kokomo,IN,4-year
sc-151342,151342,Indiana University-South Bend,South Bend,IN,4-year
sc-151351,151351,Indiana University-Bloomington,Bloomington,IN,4-year
sc-151360,151360,Indiana University-Northwest,Gary,IN,4-year
sc-151379,151379,Indiana University-Southeast,New Albany,IN,4-year
sc-151388,151388,Indiana University-East,Richmond,IN,4-year
sc-151777,151777,Manchester University,North Manchester,IN,4-year
sc-151786,151786,Marian University,Indianapolis,IN,4-year
sc-151801,151801,Indiana Wesleyan University-Marion,Marion,IN,4-year
sc-152080,152080,University of Notre Dame,Notre Dame,IN,4-year
sc-152099,152099,Oakland City University,Oakland City,IN,4-year
sc-152318,152318,Rose-Hulman Institute of Technology,Terre Haute,IN,4-year
sc-152336,152336,University of Saint Francis-Fort Wayne,Fort Wayne,IN,4-year
sc-152381,152381,Saint Mary-of-the-Woods College,Saint Mary of the Woods,IN,4-year
sc-152390,152390,Saint Mary's College,Notre Dame,IN,4-year
sc-152530,152530,Taylor University,Upland,IN,4-year
sc-152567,152567,Trine University,Angola,IN,4-year
sc-152600,152600,Valparaiso University,Valparaiso,IN,4-year
sc-152673,152673,Wabash College,Crawfordsville,IN,4-year
sc-152798,152798,Allen College,Waterloo,IA,4-year
sc-152992,152992,Briar Cliff University,Sioux City,IA,4-year
sc-153001,153001,Buena Vista University,Storm Lake,IA,4-year
sc-153108,153108,Central College,Pella,IA,4-year
sc-153126,153126,Clarke University,Dubuque,IA,4-year
sc-153144,153144,Coe College,Cedar Rapids,IA,4-year
sc-153162,153162,Cornell College,Mount Vernon,IA,4-year
sc-153241,153241,Divine Word College,Epworth,IA,4-year
sc-153250,153250,Dordt University,Sioux Center,IA,4-year
sc-153269,153269,Drake University,Des Moines,IA,4-year
sc-153278,153278,University of Dubuque,Dubuque,IA,4-year
sc-153320,153320,Faith Baptist Bible College and Theological Seminary,Ankeny,IA,4-year
sc-153366,153366,Graceland University-Lamoni,Lamoni,IA,4-year
sc-153375,153375,Grand View University,Des Moines,IA,4-year
sc-153384,153384,Grinnell College,Grinnell,IA,4-year
sc-153603,153603,Iowa State University,Ames,IA,4-year
sc-153658,153658,University of Iowa,Iowa City,IA,4-year
sc-153825,153825,Loras College,Dubuque,IA,4-year
sc-153834,153834,Luther College,Decorah,IA,4-year
sc-153861,153861,Maharishi International University,Fairfield,IA,4-year
sc-153977,153977,Mercy College of Health Sciences,Des Moines,IA,4-year
sc-154004,154004,Morningside University,Sioux City,IA,4-year
sc-154013,154013,Mount Mercy University,Cedar Rapids,IA,4-year
sc-154022,154022,The University of Arizona Global Campus,Chandler,AZ,4-year
sc-154095,154095,University of Northern Iowa,Cedar Falls,IA,4-year
sc-154101,154101,Northwestern College,Orange City,IA,4-year
sc-154174,154174,Palmer College of Chiropractic,Davenport,IA,4-year
sc-154235,154235,Saint Ambrose University,Davenport,IA,4-year
sc-154350,154350,Simpson College,Indianola,IA,4-year
sc-154493,154493,Upper Iowa University,Fayette,IA,4-year
sc-154518,154518,Waldorf University,Forest City,IA,4-year
sc-154527,154527,Wartburg College,Waverly,IA,4-year
sc-154590,154590,William Penn University,Oskaloosa,IA,4-year
sc-154688,154688,Baker University,Baldwin City,KS,4-year
sc-154712,154712,Benedictine College,Atchison,KS,4-year
sc-154721,154721,Bethany College,Lindsborg,KS,4-year
sc-154749,154749,Bethel College-North Newton,North Newton,KS,4-year
sc-154855,154855,Central Christian College of Kansas,McPherson,KS,4-year
sc-155025,155025,Emporia State University,Emporia,KS,4-year
sc-155061,155061,Fort Hays State University,Hays,KS,4-year
sc-155070,155070,Barclay College,Haviland,KS,4-year
sc-155089,155089,Friends University,Wichita,KS,4-year
sc-155308,155308,Kansas Christian College,Overland Park,KS,4-year
sc-155317,155317,University of Kansas,Lawrence,KS,4-year
sc-155335,155335,Newman University,Wichita,KS,4-year
sc-155399,155399,Kansas State University,Manhattan,KS,4-year
sc-155414,155414,Kansas Wesleyan University,Salina,KS,4-year
sc-155496,155496,Manhattan Christian College,Manhattan,KS,4-year
sc-155511,155511,McPherson College,McPherson,KS,4-year
sc-155520,155520,MidAmerica Nazarene University,Olathe,KS,4-year
sc-155627,155627,Ottawa University-Ottawa,Ottawa,KS,4-year
sc-155636,155636,Ottawa University-Kansas City,Overland Park,KS,4-year
sc-155681,155681,Pittsburg State University,Pittsburg,KS,4-year
sc-155812,155812,University of Saint Mary,Leavenworth,KS,4-year
sc-155900,155900,Southwestern College,Winfield,KS,4-year
sc-155937,155937,Sterling College,Sterling,KS,4-year
sc-155973,155973,Tabor College,Hillsboro,KS,4-year
sc-156082,156082,Washburn University,Topeka,KS,4-year
sc-156125,156125,Wichita State University,Wichita,KS,4-year
sc-156189,156189,Alice Lloyd College,Pippa Passes,KY,4-year
sc-156213,156213,Asbury University,Wilmore,KY,4-year
sc-156286,156286,Bellarmine University,Louisville,KY,4-year
sc-156295,156295,Berea College,Berea,KY,4-year
sc-156356,156356,Brescia University,Owensboro,KY,4-year
sc-156365,156365,Campbellsville University,Campbellsville,KY,4-year
sc-156408,156408,Centre College,Danville,KY,4-year
sc-156417,156417,Clear Creek Baptist Bible College,Pineville,KY,4-year
sc-156471,156471,Galen College of Nursing-Louisville,Louisville,KY,4-year
sc-156541,156541,University of the Cumberlands,Williamsburg,KY,4-year
sc-156620,156620,Eastern Kentucky University,Richmond,KY,4-year
sc-156745,156745,Georgetown College,Georgetown,KY,4-year
sc-157030,157030,Kentucky Mountain Bible College,Jackson,KY,4-year
sc-157058,157058,Kentucky State University,Frankfort,KY,4-year
sc-157076,157076,Kentucky Wesleyan College,Owensboro,KY,4-year
sc-157085,157085,University of Kentucky,Lexington,KY,4-year
sc-157100,157100,Kentucky Christian University,Grayson,KY,4-year
sc-157216,157216,Lindsey Wilson University,Columbia,KY,4-year
sc-157289,157289,University of Louisville,Louisville,KY,4-year
sc-157377,157377,Midway University,Midway,KY,4-year
sc-157386,157386,Morehead State University,Morehead,KY,4-year
sc-157401,157401,Murray State University,Murray,KY,4-year
sc-157447,157447,Northern Kentucky University,Highland Heights,KY,4-year
sc-157535,157535,University of Pikeville,Pikeville,KY,4-year
sc-157748,157748,The Southern Baptist Theological Seminary,Louisville,KY,4-year
sc-157757,157757,Spalding University,Louisville,KY,4-year
sc-157809,157809,Thomas More University,Crestview Hills,KY,4-year
sc-157818,157818,Transylvania University,Lexington,KY,4-year
sc-157863,157863,Union Commonwealth University,Barbourville,KY,4-year
sc-157951,157951,Western Kentucky University,Bowling Green,KY,4-year
sc-158477,158477,Centenary College of Louisiana,Shreveport,LA,4-year
sc-158802,158802,Dillard University,New Orleans,LA,4-year
sc-159009,159009,Grambling State University,Grambling,LA,4-year
sc-159373,159373,Louisiana State University Health Sciences Center-New Orleans,New Orleans,LA,4-year
sc-159382,159382,Louisiana State University at Alexandria,Alexandria,LA,4-year
sc-159391,159391,Louisiana State University and Agricultural & Mechanical College,Baton Rouge,LA,4-year
sc-159416,159416,Louisiana State University-Shreveport,Shreveport,LA,4-year
sc-159568,159568,Louisiana Christian University,Pineville,LA,4-year
sc-159647,159647,Louisiana Tech University,Ruston,LA,4-year
sc-159656,159656,Loyola University New Orleans,New Orleans,LA,4-year
sc-159717,159717,McNeese State University,Lake Charles,LA,4-year
sc-159939,159939,University of New Orleans,New Orleans,LA,4-year
sc-159948,159948,New Orleans Baptist Theological Seminary,New Orleans,LA,4-year
sc-159966,159966,Nicholls State University,Thibodaux,LA,4-year
sc-159993,159993,University of Louisiana at Monroe,Monroe,LA,4-year
sc-160038,160038,Northwestern State University of Louisiana,Natchitoches,LA,4-year
sc-160065,160065,University of Holy Cross,New Orleans,LA,4-year
sc-160074,160074,Franciscan Missionaries of Our Lady University,Baton Rouge,LA,4-year
sc-160409,160409,Saint Joseph Seminary College,St. Benedict,LA,4-year
sc-160612,160612,Southeastern Louisiana University,Hammond,LA,4-year
sc-160621,160621,Southern University and A & M College,Baton Rouge,LA,4-year
sc-160630,160630,Southern University at New Orleans,New Orleans,LA,4-year
sc-160658,160658,University of Louisiana at Lafayette,Lafayette,LA,4-year
sc-160755,160755,Tulane University of Louisiana,New Orleans,LA,4-year
sc-160904,160904,Xavier University of Louisiana,New Orleans,LA,4-year
sc-160959,160959,College of the Atlantic,Bar Harbor,ME,4-year
sc-160977,160977,Bates College,Lewiston,ME,4-year
sc-161004,161004,Bowdoin College,Brunswick,ME,4-year
sc-161086,161086,Colby College,Waterville,ME,4-year
sc-161217,161217,University of Maine at Augusta,Augusta,ME,4-year
sc-161226,161226,University of Maine at Farmington,Farmington,ME,4-year
sc-161235,161235,University of Maine at Fort Kent,Fort Kent,ME,4-year
university-of-maine,161253,University of Maine,Orono,ME,4-year
sc-161299,161299,Maine Maritime Academy,Castine,ME,4-year
sc-161341,161341,University of Maine at Presque Isle,Presque Isle,ME,4-year
sc-161457,161457,University of New England,Biddeford,ME,4-year
sc-161509,161509,Maine College of Art & Design,Portland,ME,4-year
sc-161518,161518,Saint Joseph's College of Maine,Standish,ME,4-year
sc-161554,161554,University of Southern Maine,Portland,ME,4-year
sc-161563,161563,Thomas College,Waterville,ME,4-year
sc-161572,161572,Unity Environmental University,New Gloucester,ME,4-year
sc-161873,161873,University of Baltimore,Baltimore,MD,4-year
sc-162007,162007,Bowie State University,Bowie,MD,4-year
sc-162061,162061,Capitol Technology University,Laurel,MD,4-year
sc-162210,162210,Washington Adventist University,Takoma Park,MD,4-year
sc-162283,162283,Coppin State University,Baltimore,MD,4-year
sc-162584,162584,Frostburg State University,Frostburg,MD,4-year
sc-162654,162654,Goucher College,Baltimore,MD,4-year
sc-162760,162760,Hood College,Frederick,MD,4-year
sc-162928,162928,Johns Hopkins University,Baltimore,MD,4-year
sc-163046,163046,Loyola University Maryland,Baltimore,MD,4-year
sc-163204,163204,University of Maryland Global Campus,Adelphi,MD,4-year
sc-163259,163259,University of Maryland Baltimore,Baltimore,MD,4-year
sc-163268,163268,University of Maryland-Baltimore County,Baltimore,MD,4-year
sc-163286,163286,University of Maryland-College Park,College Park,MD,4-year
sc-163295,163295,Maryland Institute College of Art,Baltimore,MD,4-year
sc-163338,163338,University of Maryland Eastern Shore,Princess Anne,MD,4-year
sc-163453,163453,Morgan State University,Baltimore,MD,4-year
sc-163462,163462,Mount St. Mary's University,Emmitsburg,MD,4-year
sc-163532,163532,Ner Israel Rabbinical College,Pikesville,MD,4-year
sc-163578,163578,Notre Dame of Maryland University,Baltimore,MD,4-year
sc-163851,163851,Salisbury University,Salisbury,MD,4-year
sc-163912,163912,St. Mary's College of Maryland,St. Mary's City,MD,4-year
sc-163976,163976,St. John's College,Annapolis,MD,4-year
sc-164076,164076,Towson University,Towson,MD,4-year
sc-164155,164155,United States Naval Academy,Annapolis,MD,4-year
sc-164173,164173,Stevenson University,Owings Mills,MD,4-year
sc-164216,164216,Washington College,Chestertown,MD,4-year
sc-164270,164270,McDaniel College,Westminster,MD,4-year
sc-164368,164368,Hult International Business School,Cambridge,MA,4-year
sc-164447,164447,American International College,Springfield,MA,4-year
sc-164465,164465,Amherst College,Amherst,MA,4-year
sc-164492,164492,Anna Maria College,Paxton,MA,4-year
sc-164562,164562,Assumption University,Worcester,MA,4-year
sc-164580,164580,Babson College,Wellesley,MA,4-year
sc-164614,164614,Boston Baptist College,Boston,MA,4-year
sc-164632,164632,Bay Path University,Longmeadow,MA,4-year
sc-164739,164739,Bentley University,Waltham,MA,4-year
sc-164748,164748,Berklee College of Music,Boston,MA,4-year
sc-164924,164924,Boston College,Chestnut Hill,MA,4-year
sc-164988,164988,Boston University,Boston,MA,4-year
sc-165015,165015,Brandeis University,Waltham,MA,4-year
sc-165024,165024,Bridgewater State University,Bridgewater,MA,4-year
sc-165167,165167,Cambridge College,Boston,MA,4-year
clark-university,165334,Clark University,Worcester,MA,4-year
sc-165529,165529,Curry College,Milton,MA,4-year
sc-165574,165574,Dean College,Franklin,MA,4-year
sc-165662,165662,Emerson College,Boston,MA,4-year
sc-165671,165671,Emmanuel College,Boston,MA,4-year
sc-165699,165699,Endicott College,Beverly,MA,4-year
sc-165802,165802,Fisher College,Boston,MA,4-year
sc-165820,165820,Fitchburg State University,Fitchburg,MA,4-year
sc-165866,165866,Framingham State University,Framingham,MA,4-year
sc-165936,165936,Gordon College,Wenham,MA,4-year
sc-166018,166018,Hampshire College,Amherst,MA,4-year
sc-166027,166027,Harvard University,Cambridge,MA,4-year
sc-166054,166054,Hellenic College-Holy Cross Greek Orthodox School of Theology,Brookline,MA,4-year
sc-166124,166124,College of the Holy Cross,Worcester,MA,4-year
sc-166391,166391,Lasell University,Newton,MA,4-year
sc-166452,166452,Lesley University,Cambridge,MA,4-year
sc-166513,166513,University of Massachusetts-Lowell,Lowell,MA,4-year
umass-amherst,166629,University of Massachusetts-Amherst,Amherst,MA,4-year
sc-166638,166638,University of Massachusetts-Boston,Boston,MA,4-year
sc-166656,166656,Massachusetts College of Pharmacy and Health Sciences,Boston,MA,4-year
sc-166674,166674,Massachusetts College of Art and Design,Boston,MA,4-year
sc-166683,166683,Massachusetts Institute of Technology,Cambridge,MA,4-year
sc-166692,166692,Massachusetts Maritime Academy,Buzzards Bay,MA,4-year
sc-166717,166717,William James College,Newton,MA,4-year
sc-166850,166850,Merrimack College,North Andover,MA,4-year
sc-166869,166869,MGH Institute of Health Professions,Boston,MA,4-year
sc-166911,166911,Montserrat College of Art,Beverly,MA,4-year
sc-166939,166939,Mount Holyoke College,South Hadley,MA,4-year
sc-167057,167057,The New England Conservatory of Music,Boston,MA,4-year
sc-167093,167093,New England College of Optometry,Boston,MA,4-year
sc-167260,167260,Nichols College,Dudley,MA,4-year
sc-167288,167288,Massachusetts College of Liberal Arts,North Adams,MA,4-year
sc-167358,167358,Northeastern University,Boston,MA,4-year
sc-167394,167394,College of Our Lady of the Elms,Chicopee,MA,4-year
sc-167598,167598,Regis College,Weston,MA,4-year
sc-167677,167677,Saint John's Seminary,Brighton,MA,4-year
sc-167729,167729,Salem State University,Salem,MA,4-year
sc-167783,167783,Simmons University,Boston,MA,4-year
sc-167835,167835,Smith College,Northampton,MA,4-year
sc-167899,167899,Springfield College,Springfield,MA,4-year
sc-167987,167987,University of Massachusetts-Dartmouth,North Dartmouth,MA,4-year
sc-167996,167996,Stonehill College,Easton,MA,4-year
sc-168005,168005,Suffolk University,Boston,MA,4-year
sc-168148,168148,Tufts University,Medford,MA,4-year
sc-168218,168218,Wellesley College,Wellesley,MA,4-year
sc-168227,168227,Wentworth Institute of Technology,Boston,MA,4-year
sc-168254,168254,Western New England University,Springfield,MA,4-year
sc-168263,168263,Westfield State University,Westfield,MA,4-year
sc-168281,168281,Wheaton College (Massachusetts),Norton,MA,4-year
sc-168342,168342,Williams College,Williamstown,MA,4-year
sc-168421,168421,Worcester Polytechnic Institute,Worcester,MA,4-year
sc-168430,168430,Worcester State University,Worcester,MA,4-year
sc-168528,168528,Adrian College,Adrian,MI,4-year
sc-168546,168546,Albion College,Albion,MI,4-year
sc-168591,168591,Alma College,Alma,MI,4-year
sc-168740,168740,Andrews University,Berrien Springs,MI,4-year
sc-168786,168786,Aquinas College,Grand Rapids,MI,4-year
sc-168847,168847,Baker College,Owosso,MI,4-year
sc-169080,169080,Calvin University,Grand Rapids,MI,4-year
sc-169248,169248,Central Michigan University,Mount Pleasant,MI,4-year
sc-169327,169327,Cleary University,Howell,MI,4-year
sc-169363,169363,Concordia University Ann Arbor,Ann Arbor,MI,4-year
sc-169442,169442,College for Creative Studies,Detroit,MI,4-year
sc-169479,169479,Davenport University,Grand Rapids,MI,4-year
sc-169716,169716,University of Detroit Mercy,Detroit,MI,4-year
sc-169798,169798,Eastern Michigan University,Ypsilanti,MI,4-year
sc-169910,169910,Ferris State University,Big Rapids,MI,4-year
sc-169983,169983,Kettering University,Flint,MI,4-year
sc-170000,170000,Grace Christian University,Wyoming,MI,4-year
sc-170037,170037,Cornerstone University,Grand Rapids,MI,4-year
sc-170082,170082,Grand Valley State University,Allendale,MI,4-year
sc-170091,170091,Great Lakes Christian College,Lansing,MI,4-year
sc-170286,170286,Hillsdale College,Hillsdale,MI,4-year
sc-170301,170301,Hope College,Holland,MI,4-year
sc-170532,170532,Kalamazoo College,Kalamazoo,MI,4-year
sc-170639,170639,Lake Superior State University,Sault Ste Marie,MI,4-year
sc-170675,170675,Lawrence Technological University,Southfield,MI,4-year
sc-170806,170806,Madonna University,Livonia,MI,4-year
sc-170967,170967,Rochester Christian University,Rochester Hills,MI,4-year
sc-170976,170976,University of Michigan-Ann Arbor,Ann Arbor,MI,4-year
sc-171100,171100,Michigan State University,East Lansing,MI,4-year
sc-171128,171128,Michigan Technological University,Houghton,MI,4-year
sc-171137,171137,University of Michigan-Dearborn,Dearborn,MI,4-year
sc-171146,171146,University of Michigan-Flint,Flint,MI,4-year
sc-171456,171456,Northern Michigan University,Marquette,MI,4-year
sc-171492,171492,Northwood University,Midland,MI,4-year
sc-171571,171571,Oakland University,Rochester Hills,MI,4-year
sc-171599,171599,The University of Olivet,Olivet,MI,4-year
sc-171881,171881,Kuyper College,Grand Rapids,MI,4-year
sc-172051,172051,Saginaw Valley State University,University Center,MI,4-year
sc-172264,172264,Siena Heights University,Adrian,MI,4-year
sc-172334,172334,Spring Arbor University,Spring Arbor,MI,4-year
sc-172608,172608,Walsh College,Troy,MI,4-year
sc-172644,172644,Wayne State University,Detroit,MI,4-year
sc-172699,172699,Western Michigan University,Kalamazoo,MI,4-year
sc-172866,172866,Academy College,Bloomington,MN,4-year
sc-173045,173045,Augsburg University,Minneapolis,MN,4-year
sc-173124,173124,Bemidji State University,Bemidji,MN,4-year
sc-173142,173142,Bethany Lutheran College,Mankato,MN,4-year
sc-173160,173160,Bethel University,Saint Paul,MN,4-year
sc-173258,173258,Carleton College,Northfield,MN,4-year
sc-173300,173300,Concordia College at Moorhead,Moorhead,MN,4-year
sc-173328,173328,Concordia University-Saint Paul,Saint Paul,MN,4-year
sc-173452,173452,Martin Luther College,New Ulm,MN,4-year
sc-173647,173647,Gustavus Adolphus College,Saint Peter,MN,4-year
sc-173665,173665,Hamline University,Saint Paul,MN,4-year
sc-173902,173902,Macalester College,Saint Paul,MN,4-year
sc-173920,173920,Minnesota State University-Mankato,Mankato,MN,4-year
sc-174020,174020,Metropolitan State University,Saint Paul,MN,4-year
sc-174066,174066,University of Minnesota-Twin Cities,Minneapolis,MN,4-year
sc-174075,174075,University of Minnesota-Crookston,Crookston,MN,4-year
sc-174127,174127,Minneapolis College of Art and Design,Minneapolis,MN,4-year
sc-174154,174154,Herzing University-Minneapolis,St. Louis Park,MN,4-year
sc-174233,174233,University of Minnesota-Duluth,Duluth,MN,4-year
sc-174251,174251,University of Minnesota-Morris,Morris,MN,4-year
sc-174358,174358,Minnesota State University Moorhead,Moorhead,MN,4-year
sc-174437,174437,North Central University,Minneapolis,MN,4-year
sc-174491,174491,University of Northwestern-St Paul,Saint Paul,MN,4-year
sc-174525,174525,Oak Hills Christian College,Bemidji,MN,4-year
sc-174747,174747,College of Saint Benedict,Saint Joseph,MN,4-year
sc-174783,174783,Saint Cloud State University,Saint Cloud,MN,4-year
sc-174792,174792,Saint Johns University,Collegeville,MN,4-year
sc-174817,174817,Saint Mary's University of Minnesota,Winona,MN,4-year
sc-174844,174844,St Olaf College,Northfield,MN,4-year
sc-174862,174862,Crown College,Saint Bonifacius,MN,4-year
sc-174899,174899,The College of Saint Scholastica,Duluth,MN,4-year
sc-174914,174914,University of St Thomas,Saint Paul,MN,4-year
sc-175005,175005,St Catherine University,Saint Paul,MN,4-year
sc-175078,175078,Southwest Minnesota State University,Marshall,MN,4-year
sc-175272,175272,Winona State University,Winona,MN,4-year
sc-175342,175342,Alcorn State University,Alcorn State,MS,4-year
sc-175421,175421,Belhaven University,Jackson,MS,4-year
sc-175430,175430,Blue Mountain Christian University,Blue Mountain,MS,4-year
sc-175616,175616,Delta State University,Cleveland,MS,4-year
sc-175856,175856,Jackson State University,Jackson,MS,4-year
sc-175980,175980,Millsaps College,Jackson,MS,4-year
sc-176017,176017,University of Mississippi,University,MS,4-year
sc-176035,176035,Mississippi University for Women,Columbus,MS,4-year
sc-176044,176044,Mississippi Valley State University,Itta Bena,MS,4-year
sc-176053,176053,Mississippi Christian University,Clinton,MS,4-year
sc-176080,176080,Mississippi State University,Mississippi State,MS,4-year
sc-176318,176318,Rust College,Holly Springs,MS,4-year
sc-176372,176372,University of Southern Mississippi,Hattiesburg,MS,4-year
sc-176406,176406,Tougaloo College,Tougaloo,MS,4-year
sc-176451,176451,Wesley Biblical Seminary,Ridgeland,MS,4-year
sc-176479,176479,William Carey University,Hattiesburg,MS,4-year
sc-176628,176628,Avila University,Kansas City,MO,4-year
sc-176664,176664,Mission University,Springfield,MO,4-year
sc-176789,176789,Calvary University,Kansas City,MO,4-year
sc-176910,176910,Central Christian College of the Bible,Moberly,MO,4-year
sc-176947,176947,Central Methodist University-College of Liberal Arts and Sciences,Fayette,MO,4-year
sc-176965,176965,University of Central Missouri,Warrensburg,MO,4-year
sc-177038,177038,Cleveland University-Kansas City,Overland Park,KS,4-year
sc-177065,177065,Columbia College,Columbia,MO,4-year
sc-177083,177083,Conception Seminary College,Conception,MO,4-year
sc-177117,177117,Cottey College,Nevada,MO,4-year
sc-177144,177144,Culver-Stockton College,Canton,MO,4-year
sc-177214,177214,Drury University,Springfield,MO,4-year
sc-177339,177339,Evangel University,Springfield,MO,4-year
sc-177542,177542,Hannibal-LaGrange University,Hannibal,MO,4-year
sc-177551,177551,Harris-Stowe State University,Saint Louis,MO,4-year
sc-177719,177719,Barnes-Jewish College Goldfarb School of Nursing,Saint Louis,MO,4-year
sc-177746,177746,Kansas City Art Institute,Kansas City,MO,4-year
sc-177940,177940,Lincoln University,Jefferson City,MO,4-year
sc-177968,177968,Lindenwood University,Saint Charles,MO,4-year
sc-177986,177986,Logan University,Chesterfield,MO,4-year
sc-178059,178059,Maryville University of Saint Louis,Saint Louis,MO,4-year
sc-178208,178208,Midwestern Baptist Theological Seminary,Kansas City,MO,4-year
sc-178244,178244,Missouri Baptist University,Saint Louis,MO,4-year
sc-178341,178341,Missouri Southern State University,Joplin,MO,4-year
sc-178369,178369,Missouri Valley College,Marshall,MO,4-year
sc-178387,178387,Missouri Western State University,Saint Joseph,MO,4-year
sc-178396,178396,University of Missouri-Columbia,Columbia,MO,4-year
sc-178402,178402,University of Missouri-Kansas City,Kansas City,MO,4-year
sc-178411,178411,Missouri University of Science and Technology,Rolla,MO,4-year
sc-178420,178420,University of Missouri-St Louis,Saint Louis,MO,4-year
sc-178615,178615,Truman State University,Kirksville,MO,4-year
sc-178624,178624,Northwest Missouri State University,Maryville,MO,4-year
sc-178679,178679,Ozark Christian College,Joplin,MO,4-year
sc-178697,178697,College of the Ozarks,Point Lookout,MO,4-year
sc-178721,178721,Park University,Parkville,MO,4-year
sc-178767,178767,Stevens-The Institute of Business & Arts,Saint Louis,MO,4-year
sc-178989,178989,Research College of Nursing,Kansas City,MO,4-year
sc-179043,179043,Rockhurst University,Kansas City,MO,4-year
sc-179159,179159,Saint Louis University,Saint Louis,MO,4-year
sc-179265,179265,University of Health Sciences and Pharmacy in St. Louis,Saint Louis,MO,4-year
sc-179326,179326,Southwest Baptist University,Bolivar,MO,4-year
sc-179548,179548,Stephens College,Columbia,MO,4-year
sc-179557,179557,Southeast Missouri State University,Cape Girardeau,MO,4-year
sc-179566,179566,Missouri State University-Springfield,Springfield,MO,4-year
sc-179867,179867,Washington University in St Louis,St. Louis,MO,4-year
sc-179894,179894,Webster University,Saint Louis,MO,4-year
sc-179946,179946,Westminster College,Fulton,MO,4-year
sc-179955,179955,William Jewell College,Liberty,MO,4-year
sc-179964,179964,William Woods University,Fulton,MO,4-year
sc-180106,180106,Carroll College,Helena,MT,4-year
sc-180179,180179,Montana State University Billings,Billings,MT,4-year
sc-180258,180258,University of Providence,Great Falls,MT,4-year
sc-180416,180416,Montana Technological University,Butte,MT,4-year
montana-state-university,180461,Montana State University,Bozeman,MT,4-year
sc-180489,180489,The University of Montana,Missoula,MT,4-year
sc-180522,180522,Montana State University-Northern,Havre,MT,4-year
sc-180595,180595,Rocky Mountain College,Billings,MT,4-year
sc-180692,180692,The University of Montana-Western,Dillon,MT,4-year
sc-180814,180814,Bellevue University,Bellevue,NE,4-year
sc-180832,180832,Clarkson College,Omaha,NE,4-year
sc-180878,180878,Bryan College of Health Sciences,Lincoln,NE,4-year
sc-180948,180948,Chadron State College,Chadron,NE,4-year
sc-180984,180984,Concordia University-Nebraska,Seward,NE,4-year
sc-181002,181002,Creighton University,Omaha,NE,4-year
sc-181020,181020,Doane University,Crete,NE,4-year
sc-181127,181127,Hastings College,Hastings,NE,4-year
sc-181145,181145,CHI Health School of Radiologic Technology,Omaha,NE,4-year
sc-181215,181215,University of Nebraska at Kearney,Kearney,NE,4-year
sc-181297,181297,Nebraska Methodist College of Nursing & Allied Health,Omaha,NE,4-year
sc-181330,181330,Midland University,Fremont,NE,4-year
sc-181394,181394,University of Nebraska at Omaha,Omaha,NE,4-year
sc-181428,181428,University of Nebraska Medical Center,Omaha,NE,4-year
sc-181446,181446,Nebraska Wesleyan University,Lincoln,NE,4-year
sc-181464,181464,University of Nebraska-Lincoln,Lincoln,NE,4-year
sc-181534,181534,Peru State College,Peru,NE,4-year
sc-181604,181604,College of Saint Mary,Omaha,NE,4-year
sc-181738,181738,Union Adventist University,Lincoln,NE,4-year
sc-181783,181783,Wayne State College,Wayne,NE,4-year
sc-181853,181853,York University,York,NE,4-year
sc-182281,182281,University of Nevada-Las Vegas,Las Vegas,NV,4-year
sc-182290,182290,University of Nevada-Reno,Reno,NV,4-year
sc-182634,182634,Colby-Sawyer College,New London,NH,4-year
sc-182670,182670,Dartmouth College,Hanover,NH,4-year
sc-182795,182795,Franklin Pierce University,Rindge,NH,4-year
sc-182980,182980,New England College,Henniker,NH,4-year
sc-183026,183026,Southern New Hampshire University,Manchester,NH,4-year
university-of-new-hampshire,183044,University of New Hampshire-Main Campus,Durham,NH,4-year
sc-183062,183062,Keene State College,Keene,NH,4-year
sc-183071,183071,University of New Hampshire at Manchester,Manchester,NH,4-year
sc-183080,183080,Plymouth State University,Plymouth,NH,4-year
sc-183211,183211,Rivier University,Nashua,NH,4-year
sc-183239,183239,Saint Anselm College,Manchester,NH,4-year
sc-183257,183257,University of New Hampshire College of Professional Studies Online,Manchester,NH,4-year
sc-183275,183275,Thomas More College of Liberal Arts,Merrimack,NH,4-year
sc-183789,183789,Berkeley College-Woodland Park,Woodland Park,NJ,4-year
sc-183804,183804,Beth Medrash Govoha,Lakewood,NJ,4-year
sc-183822,183822,Bloomfield College of Montclair State University,Bloomfield,NJ,4-year
sc-183910,183910,Caldwell University,Caldwell,NJ,4-year
sc-183974,183974,Centenary University,Hackettstown,NJ,4-year
sc-184348,184348,Drew University,Madison,NJ,4-year
sc-184603,184603,Fairleigh Dickinson University-Metropolitan Campus,Teaneck,NJ,4-year
sc-184612,184612,Felician University,Lodi,NJ,4-year
sc-184694,184694,Fairleigh Dickinson University-Florham Campus,Madison,NJ,4-year
sc-184773,184773,Georgian Court University,Lakewood,NJ,4-year
sc-184782,184782,Rowan University,Glassboro,NJ,4-year
sc-185129,185129,New Jersey City University,Jersey City,NJ,4-year
sc-185262,185262,Kean University,Union,NJ,4-year
sc-185572,185572,Monmouth University,West Long Branch,NJ,4-year
sc-185590,185590,Montclair State University,Montclair,NJ,4-year
sc-185828,185828,New Jersey Institute of Technology,Newark,NJ,4-year
sc-186131,186131,Princeton University,Princeton,NJ,4-year
sc-186186,186186,Rabbinical College of America,Morristown,NJ,4-year
sc-186201,186201,Ramapo College of New Jersey,Mahwah,NJ,4-year
sc-186283,186283,Rider University,Lawrenceville,NJ,4-year
sc-186371,186371,Rutgers University-Camden,Camden,NJ,4-year
sc-186380,186380,Rutgers University-New Brunswick,New Brunswick,NJ,4-year
sc-186399,186399,Rutgers University-Newark,Newark,NJ,4-year
sc-186432,186432,Saint Peter's University,Jersey City,NJ,4-year
sc-186584,186584,Seton Hall University,South Orange,NJ,4-year
sc-186618,186618,Saint Elizabeth University,Morristown,NJ,4-year
sc-186867,186867,Stevens Institute of Technology,Hoboken,NJ,4-year
sc-186876,186876,Stockton University,Galloway,NJ,4-year
sc-187046,187046,Thomas Edison State University,Trenton,NJ,4-year
sc-187134,187134,The College of New Jersey,Ewing,NJ,4-year
sc-187444,187444,William Paterson University of New Jersey,Wayne,NJ,4-year
sc-187648,187648,Eastern New Mexico University-Main Campus,Portales,NM,4-year
sc-187745,187745,Institute of American Indian and Alaska Native Culture and Arts Development,Santa Fe,NM,4-year
sc-187897,187897,New Mexico Highlands University,Las Vegas,NM,4-year
sc-187967,187967,New Mexico Institute of Mining and Technology,Socorro,NM,4-year
sc-187985,187985,University of New Mexico-Main Campus,Albuquerque,NM,4-year
sc-188030,188030,New Mexico State University-Main Campus,Las Cruces,NM,4-year
sc-188182,188182,University of the Southwest,Hobbs,NM,4-year
sc-188304,188304,Western New Mexico University,Silver City,NM,4-year
sc-188429,188429,Adelphi University,Garden City,NY,4-year
sc-188526,188526,Albany College of Pharmacy and Health Sciences,Albany,NY,4-year
sc-188641,188641,Alfred University,Alfred,NY,4-year
sc-189088,189088,Bard College,Annandale-On-Hudson,NY,4-year
sc-189097,189097,Barnard College,New York,NY,4-year
sc-189228,189228,Berkeley College-New York,New York,NY,4-year
sc-189282,189282,Mount Sinai Phillips School of Nursing,New York,NY,4-year
sc-189413,189413,Boricua College,New York,NY,4-year
sc-189565,189565,Bryant & Stratton College-Syracuse North,Liverpool,NY,4-year
sc-189705,189705,Canisius University,Buffalo,NY,4-year
sc-189857,189857,Central Yeshiva Tomchei Tmimim Lubavitz,Brooklyn,NY,4-year
sc-190044,190044,Clarkson University,Potsdam,NY,4-year
sc-190099,190099,Colgate University,Hamilton,NY,4-year
sc-190114,190114,Metropolitan College of New York,New York,NY,4-year
sc-190150,190150,Columbia University in the City of New York,New York,NY,4-year
sc-190372,190372,The Cooper Union for the Advancement of Science and Art,New York,NY,4-year
sc-190415,190415,Cornell University,Ithaca,NY,4-year
sc-190512,190512,CUNY Bernard M Baruch College,New York,NY,4-year
sc-190549,190549,CUNY Brooklyn College,Brooklyn,NY,4-year
sc-190558,190558,College of Staten Island CUNY,Staten Island,NY,4-year
sc-190567,190567,CUNY City College,New York,NY,4-year
sc-190576,190576,CUNY Graduate School and University Center,New York,NY,4-year
sc-190594,190594,CUNY Hunter College,New York,NY,4-year
sc-190600,190600,CUNY John Jay College of Criminal Justice,New York,NY,4-year
sc-190637,190637,CUNY Lehman College,Bronx,NY,4-year
sc-190646,190646,CUNY Medgar Evers College,Brooklyn,NY,4-year
sc-190655,190655,CUNY New York City College of Technology,Brooklyn,NY,4-year
sc-190664,190664,CUNY Queens College,Queens,NY,4-year
sc-190691,190691,CUNY York College,Jamaica,NY,4-year
sc-190716,190716,D'Youville  University,Buffalo,NY,4-year
sc-190725,190725,Daemen University,Amherst,NY,4-year
sc-190752,190752,Yeshiva of Far Rockaway Derech Ayson Rabbinical Seminary,Far Rockaway,NY,4-year
sc-190761,190761,Dominican University New York,Orangeburg,NY,4-year
sc-190983,190983,Elmira College,Elmira,NY,4-year
sc-191205,191205,Five Towns College,Dix Hills,NY,4-year
sc-191241,191241,Fordham University,Bronx,NY,4-year
sc-191515,191515,Hamilton College,Clinton,NY,4-year
sc-191533,191533,Hartwick College,Oneonta,NY,4-year
sc-191621,191621,Hilbert College,Hamburg,NY,4-year
sc-191630,191630,Hobart William Smith Colleges,Geneva,NY,4-year
sc-191649,191649,Hofstra University,Hempstead,NY,4-year
sc-191676,191676,Houghton University,Houghton,NY,4-year
sc-191931,191931,Iona University,New Rochelle,NY,4-year
ithaca-college,191968,Ithaca College,Ithaca,NY,4-year
sc-192040,192040,Jewish Theological Seminary of America,New York,NY,4-year
sc-192110,192110,The Juilliard School,New York,NY,4-year
sc-192165,192165,Kehilath Yakov Rabbinical Seminary,Ossining,NY,4-year
sc-192192,192192,Keuka College,Keuka Park,NY,4-year
sc-192271,192271,LIM College,New York,NY,4-year
sc-192323,192323,Le Moyne College,Syracuse,NY,4-year
sc-192448,192448,Long Island University,Brookville,NY,4-year
sc-192624,192624,Machzikei Hadath Rabbinical College,Brooklyn,NY,4-year
sc-192703,192703,Manhattan University,Riverdale,NY,4-year
sc-192712,192712,Manhattan School of Music,New York,NY,4-year
sc-192749,192749,Manhattanville University,Purchase,NY,4-year
sc-192819,192819,Marist University,Poughkeepsie,NY,4-year
sc-192864,192864,Marymount Manhattan College,New York,NY,4-year
sc-193016,193016,Mercy University,Dobbs Ferry,NY,4-year
sc-193052,193052,Mesivta Torah Vodaath Rabbinical Seminary,Brooklyn,NY,4-year
sc-193070,193070,Mesivtha Tifereth Jerusalem of America,New York,NY,4-year
sc-193292,193292,Molloy University,Rockville Centre,NY,4-year
sc-193353,193353,Mount Saint Mary College,Newburgh,NY,4-year
sc-193399,193399,University of Mount Saint Vincent,Bronx,NY,4-year
sc-193584,193584,Nazareth University,Rochester,NY,4-year
the-new-school,193654,The New School,New York,NY,4-year
sc-193900,193900,New York University,New York,NY,4-year
sc-193973,193973,Niagara University,Niagara University,NY,4-year
sc-194091,194091,New York Institute of Technology,Old Westbury,NY,4-year
sc-194310,194310,Pace University,New York,NY,4-year
sc-194392,194392,Paul Smiths College of Arts and Science,Paul Smiths,NY,4-year
sc-194569,194569,Davis College,Pottersville,NY,4-year
sc-194578,194578,Pratt Institute-Main,Brooklyn,NY,4-year
sc-194657,194657,Rabbinical Academy Mesivta Rabbi Chaim Berlin,Brooklyn,NY,4-year
sc-194666,194666,Rabbinical College Bobover Yeshiva Bnei Zion,Brooklyn,NY,4-year
sc-194718,194718,Rabbinical Seminary Mkor Chaim,Lakewood,NJ,4-year
sc-194763,194763,Rabbinical Seminary of America,Flushing,NY,4-year
sc-194824,194824,Rensselaer Polytechnic Institute,Troy,NY,4-year
sc-194958,194958,Roberts Wesleyan University,Rochester,NY,4-year
sc-195003,195003,Rochester Institute of Technology,Rochester,NY,4-year
sc-195030,195030,University of Rochester,Rochester,NY,4-year
sc-195128,195128,Russell Sage College,Troy,NY,4-year
sc-195164,195164,St Bonaventure University,Saint Bonaventure,NY,4-year
sc-195173,195173,St. Francis College,Brooklyn,NY,4-year
sc-195216,195216,St Lawrence University,Canton,NY,4-year
sc-195243,195243,St. Thomas Aquinas College,Sparkill,NY,4-year
sarah-lawrence-college,195304,Sarah Lawrence College,Bronxville,NY,4-year
sc-195438,195438,Sh'or Yoshuv Rabbinical College,Lawrence,NY,4-year
sc-195474,195474,Siena University,Loudonville,NY,4-year
sc-195526,195526,Skidmore College,Saratoga Springs,NY,4-year
sc-195544,195544,St. Joseph's University-New York,Brooklyn,NY,4-year
sc-195720,195720,St. John Fisher University,Rochester,NY,4-year
sc-195809,195809,St. John's University-New York,Queens,NY,4-year
sc-196015,196015,SUNY College of Technology at Canton,Canton,NY,4-year
sc-196033,196033,SUNY College of Agriculture and Technology at Cobleskill,Cobleskill,NY,4-year
sc-196042,196042,Farmingdale State College,Farmingdale,NY,4-year
sc-196060,196060,University at Albany,Albany,NY,4-year
sc-196079,196079,Binghamton University,Vestal,NY,4-year
sc-196088,196088,University at Buffalo,Buffalo,NY,4-year
sc-196097,196097,Stony Brook University,Stony Brook,NY,4-year
sc-196103,196103,SUNY College of Environmental Science and Forestry,Syracuse,NY,4-year
sc-196112,196112,SUNY Polytechnic Institute,Utica,NY,4-year
sc-196121,196121,SUNY Brockport,Brockport,NY,4-year
sc-196130,196130,SUNY Buffalo State University,Buffalo,NY,4-year
sc-196149,196149,State University of New York at Cortland,Cortland,NY,4-year
sc-196158,196158,SUNY at Fredonia,Fredonia,NY,4-year
sc-196167,196167,SUNY College at Geneseo,Geneseo,NY,4-year
sc-196176,196176,State University of New York at New Paltz,New Paltz,NY,4-year
sc-196185,196185,SUNY Oneonta,Oneonta,NY,4-year
sc-196194,196194,State University of New York at Oswego,Oswego,NY,4-year
sc-196200,196200,SUNY College at Potsdam,Potsdam,NY,4-year
sc-196219,196219,SUNY at Purchase College,Purchase,NY,4-year
sc-196237,196237,SUNY Old Westbury,Old Westbury,NY,4-year
sc-196246,196246,State University of New York at Plattsburgh,Plattsburgh,NY,4-year
sc-196255,196255,SUNY Downstate Health Sciences University,Brooklyn,NY,4-year
sc-196264,196264,Empire State University,Saratoga Springs,NY,4-year
sc-196291,196291,SUNY Maritime College,Throggs Neck,NY,4-year
sc-196307,196307,Upstate Medical University,Syracuse,NY,4-year
syracuse-university,196413,Syracuse University,Syracuse,NY,4-year
sc-196431,196431,Talmudical Seminary Oholei Torah,Brooklyn,NY,4-year
sc-196440,196440,Talmudical Institute of Upstate New York,Rochester,NY,4-year
sc-196592,196592,Touro University,New York,NY,4-year
sc-196680,196680,Excelsior University,Albany,NY,4-year
sc-196866,196866,Union College,Schenectady,NY,4-year
sc-197018,197018,United Talmudical Seminary,Brooklyn,NY,4-year
sc-197027,197027,United States Merchant Marine Academy,Kings Point,NY,4-year
sc-197036,197036,United States Military Academy,West  Point,NY,4-year
sc-197045,197045,Utica University,Utica,NY,4-year
sc-197133,197133,Vassar College,Poughkeepsie,NY,4-year
sc-197142,197142,Villa Maria College,Buffalo,NY,4-year
sc-197151,197151,School of Visual Arts,New York,NY,4-year
sc-197197,197197,Wagner College,Staten Island,NY,4-year
sc-197221,197221,Webb Institute,Glen Cove,NY,4-year
sc-197285,197285,The College of Westchester,White Plains,NY,4-year
sc-197601,197601,Yeshiva Karlin Stolin,Brooklyn,NY,4-year
sc-197674,197674,Yeshiva of Nitra Rabbinical College,Chester,NY,4-year
sc-197692,197692,Yeshivath Shaar Hatorah,Kew Gardens,NY,4-year
sc-197708,197708,Yeshiva University,New York,NY,4-year
sc-197735,197735,Yeshivath Viznitz,Monsey,NY,4-year
sc-197869,197869,Appalachian State University,Boone,NC,4-year
sc-197911,197911,Barton College,Wilson,NC,4-year
sc-197984,197984,Belmont Abbey College,Belmont,NC,4-year
sc-197993,197993,Bennett College,Greensboro,NC,4-year
sc-198066,198066,Brevard College,Brevard,NC,4-year
sc-198136,198136,Campbell University,Buies Creek,NC,4-year
sc-198215,198215,Catawba College,Salisbury,NC,4-year
sc-198303,198303,Chowan University,Murfreesboro,NC,4-year
sc-198385,198385,Davidson College,Davidson,NC,4-year
sc-198419,198419,Duke University,Durham,NC,4-year
sc-198464,198464,East Carolina University,Greenville,NC,4-year
sc-198507,198507,Elizabeth City State University,Elizabeth City,NC,4-year
sc-198516,198516,Elon University,Elon,NC,4-year
sc-198543,198543,Fayetteville State University,Fayetteville,NC,4-year
sc-198561,198561,Gardner-Webb University,Boiling Springs,NC,4-year
sc-198598,198598,Greensboro College,Greensboro,NC,4-year
sc-198613,198613,Guilford College,Greensboro,NC,4-year
sc-198677,198677,Heritage Bible College,Dunn,NC,4-year
sc-198695,198695,High Point University,High Point,NC,4-year
sc-198756,198756,Johnson C Smith University,Charlotte,NC,4-year
sc-198808,198808,Lees-McRae College,Banner Elk,NC,4-year
sc-198835,198835,Lenoir-Rhyne University,Hickory,NC,4-year
sc-198862,198862,Livingstone College,Salisbury,NC,4-year
sc-198899,198899,Mars Hill University,Mars Hill,NC,4-year
sc-198950,198950,Meredith College,Raleigh,NC,4-year
sc-198969,198969,Methodist University,Fayetteville,NC,4-year
sc-199032,199032,Montreat College,Montreat,NC,4-year
sc-199069,199069,University of Mount Olive,Mount Olive,NC,4-year
sc-199102,199102,North Carolina A & T State University,Greensboro,NC,4-year
unc-asheville,199111,University of North Carolina Asheville,Asheville,NC,4-year
sc-199120,199120,University of North Carolina at Chapel Hill,Chapel Hill,NC,4-year
sc-199139,199139,University of North Carolina at Charlotte,Charlotte,NC,4-year
sc-199148,199148,University of North Carolina at Greensboro,Greensboro,NC,4-year
sc-199157,199157,North Carolina Central University,Durham,NC,4-year
sc-199184,199184,University of North Carolina School of the Arts,Winston Salem,NC,4-year
sc-199193,199193,North Carolina State University at Raleigh,Raleigh,NC,4-year
sc-199209,199209,North Carolina Wesleyan University,Rocky Mount,NC,4-year
sc-199218,199218,University of North Carolina Wilmington,Wilmington,NC,4-year
sc-199272,199272,William Peace University,Raleigh,NC,4-year
sc-199281,199281,University of North Carolina at Pembroke,Pembroke,NC,4-year
sc-199306,199306,Pfeiffer University,Misenheimer,NC,4-year
sc-199412,199412,Queens University of Charlotte,Charlotte,NC,4-year
sc-199458,199458,Mid-Atlantic Christian University,Elizabeth City,NC,4-year
sc-199582,199582,Saint Augustine's University,Raleigh,NC,4-year
sc-199607,199607,Salem College,Winston-Salem,NC,4-year
sc-199643,199643,Shaw University,Raleigh,NC,4-year
sc-199759,199759,Southeastern Baptist Theological Seminary,Wake Forest,NC,4-year
sc-199847,199847,Wake Forest University,Winston-Salem,NC,4-year
sc-199865,199865,Warren Wilson College,Swannanoa,NC,4-year
sc-199883,199883,Watts College of Nursing,Durham,NC,4-year
sc-199962,199962,Wingate University,Wingate,NC,4-year
sc-199971,199971,Carolina Christian College,Winston Salem,NC,4-year
sc-199999,199999,Winston-Salem State University,Winston-Salem,NC,4-year
sc-200004,200004,Western Carolina University,Cullowhee,NC,4-year
sc-200059,200059,Dickinson State University,Dickinson,ND,4-year
sc-200156,200156,University of Jamestown,Jamestown,ND,4-year
sc-200217,200217,University of Mary,Bismarck,ND,4-year
sc-200226,200226,Mayville State University,Mayville,ND,4-year
sc-200253,200253,Minot State University,Minot,ND,4-year
sc-200280,200280,University of North Dakota,Grand Forks,ND,4-year
sc-200332,200332,North Dakota State University-Main Campus,Fargo,ND,4-year
sc-200484,200484,Trinity Bible College and Graduate School,Ellendale,ND,4-year
sc-200572,200572,Valley City State University,Valley City,ND,4-year
sc-200800,200800,University of Akron Main Campus,Akron,OH,4-year
sc-200846,200846,University of Akron Wayne College,Orrville,OH,4-year
sc-200873,200873,Allegheny Wesleyan College,Salem,OH,4-year
sc-201061,201061,Art Academy of Cincinnati,Cincinnati,OH,4-year
sc-201104,201104,Ashland University,Ashland,OH,4-year
sc-201195,201195,Baldwin Wallace University,Berea,OH,4-year
sc-201371,201371,Bluffton University,Bluffton,OH,4-year
sc-201441,201441,Bowling Green State University-Main Campus,Bowling Green,OH,4-year
sc-201548,201548,Capital University,Columbus,OH,4-year
sc-201645,201645,Case Western Reserve University,Cleveland,OH,4-year
sc-201654,201654,Cedarville University,Cedarville,OH,4-year
sc-201690,201690,Central State University,Wilberforce,OH,4-year
sc-201821,201821,The Christ College of Nursing and Health Sciences,Cincinnati,OH,4-year
sc-201867,201867,Cincinnati College of Mortuary Science,Cincinnati,OH,4-year
sc-201885,201885,University of Cincinnati-Main Campus,Cincinnati,OH,4-year
sc-201964,201964,Ohio Christian University,Circleville,OH,4-year
sc-202046,202046,Cleveland Institute of Art,Cleveland,OH,4-year
sc-202073,202073,Cleveland Institute of Music,Cleveland,OH,4-year
sc-202134,202134,Cleveland State University,Cleveland,OH,4-year
sc-202170,202170,Columbus College of Art & Design,Columbus,OH,4-year
sc-202480,202480,University of Dayton,Dayton,OH,4-year
sc-202514,202514,Defiance College,Defiance,OH,4-year
sc-202523,202523,Denison University,Granville,OH,4-year
sc-202763,202763,The University of Findlay,Findlay,OH,4-year
sc-202806,202806,Franklin University,Columbus,OH,4-year
sc-203085,203085,Heidelberg University,Tiffin,OH,4-year
sc-203128,203128,Hiram College,Hiram,OH,4-year
sc-203368,203368,John Carroll University,University Heights,OH,4-year
sc-203517,203517,Kent State University at Kent,Kent,OH,4-year
sc-203535,203535,Kenyon College,Gambier,OH,4-year
sc-203544,203544,Kettering College,Kettering,OH,4-year
sc-203580,203580,Lake Erie College,Painesville,OH,4-year
sc-203757,203757,Lourdes University,Sylvania,OH,4-year
sc-203775,203775,Malone University,Canton,OH,4-year
sc-203845,203845,Marietta College,Marietta,OH,4-year
sc-203960,203960,Mercy College of Ohio,Toledo,OH,4-year
sc-204006,204006,Miami University-Hamilton,Hamilton,OH,4-year
sc-204015,204015,Miami University-Middletown,Middletown,OH,4-year
sc-204024,204024,Miami University-Oxford,Oxford,OH,4-year
sc-204176,204176,Mount Carmel College of Nursing,Columbus,OH,4-year
sc-204185,204185,University of Mount Union,Alliance,OH,4-year
sc-204194,204194,Mount Vernon Nazarene University,Mount Vernon,OH,4-year
sc-204200,204200,Mount St. Joseph University,Cincinnati,OH,4-year
sc-204264,204264,Muskingum University,New Concord,OH,4-year
sc-204501,204501,Oberlin College,Oberlin,OH,4-year
sc-204617,204617,Ohio Dominican University,Columbus,OH,4-year
sc-204635,204635,Ohio Northern University,Ada,OH,4-year
sc-204671,204671,Ohio State University-Lima Campus,Lima,OH,4-year
sc-204796,204796,Ohio State University-Main Campus,Columbus,OH,4-year
sc-204802,204802,Ohio University-Eastern Campus,Saint Clairsville,OH,4-year
sc-204848,204848,Ohio University-Lancaster Campus,Lancaster,OH,4-year
sc-204857,204857,Ohio University-Main Campus,Athens,OH,4-year
sc-204909,204909,Ohio Wesleyan University,Delaware,OH,4-year
sc-204936,204936,Otterbein University,Westerville,OH,4-year
sc-205027,205027,Pontifical College Josephinum,Columbus,OH,4-year
sc-205124,205124,Rabbinical College Telshe,Wickliffe,OH,4-year
sc-205443,205443,Shawnee State University,Portsmouth,OH,4-year
sc-205957,205957,Franciscan University of Steubenville,Steubenville,OH,4-year
sc-206048,206048,Tiffin University,Tiffin,OH,4-year
sc-206084,206084,University of Toledo,Toledo,OH,4-year
sc-206154,206154,Tri-State Bible College,South Point,OH,4-year
sc-206349,206349,Ursuline College,Pepper Pike,OH,4-year
sc-206437,206437,Walsh University,North Canton,OH,4-year
sc-206491,206491,Wilberforce University,Wilberforce,OH,4-year
sc-206507,206507,Wilmington College,Wilmington,OH,4-year
sc-206525,206525,Wittenberg University,Springfield,OH,4-year
sc-206589,206589,The College of Wooster,Wooster,OH,4-year
sc-206604,206604,Wright State University-Main Campus,Dayton,OH,4-year
sc-206613,206613,Wright State University-Lake Campus,Celina,OH,4-year
sc-206622,206622,Xavier University,Cincinnati,OH,4-year
sc-206695,206695,Youngstown State University,Youngstown,OH,4-year
sc-206835,206835,Oklahoma Wesleyan University,Bartlesville,OK,4-year
sc-206862,206862,Southern Nazarene University,Bethany,OK,4-year
sc-206914,206914,Cameron University,Lawton,OK,4-year
sc-206941,206941,University of Central Oklahoma,Edmond,OK,4-year
sc-207041,207041,East Central University,Ada,OK,4-year
sc-207157,207157,Randall University,Moore,OK,4-year
sc-207263,207263,Northeastern State University,Tahlequah,OK,4-year
sc-207306,207306,Northwestern Oklahoma State University,Alva,OK,4-year
sc-207324,207324,Oklahoma Christian University,Edmond,OK,4-year
sc-207342,207342,University of Oklahoma-Health Sciences Center,Oklahoma City,OK,4-year
sc-207351,207351,Oklahoma Panhandle State University,Goodwell,OK,4-year
sc-207388,207388,Oklahoma State University-Main Campus,Stillwater,OK,4-year
sc-207403,207403,Oklahoma Baptist University,Shawnee,OK,4-year
sc-207458,207458,Oklahoma City University,Oklahoma City,OK,4-year
sc-207500,207500,University of Oklahoma-Norman Campus,Norman,OK,4-year
sc-207582,207582,Oral Roberts University,Tulsa,OK,4-year
sc-207661,207661,Rogers State University,Claremore,OK,4-year
sc-207722,207722,University of Science and Arts of Oklahoma,Chickasha,OK,4-year
sc-207847,207847,Southeastern Oklahoma State University,Durant,OK,4-year
sc-207856,207856,Southwestern Christian University,Bethany,OK,4-year
sc-207865,207865,Southwestern Oklahoma State University,Weatherford,OK,4-year
sc-207971,207971,University of Tulsa,Tulsa,OK,4-year
sc-208646,208646,Eastern Oregon University,La Grande,OR,4-year
sc-208725,208725,New Hope Christian College-Eugene,Eugene,OR,4-year
sc-208822,208822,George Fox University,Newberg,OR,4-year
sc-209056,209056,Lewis & Clark College,Portland,OR,4-year
sc-209065,209065,Linfield University,McMinnville,OR,4-year
sc-209241,209241,Mount Angel Seminary,Saint Benedict,OR,4-year
sc-209296,209296,National University of Natural Medicine,Portland,OR,4-year
sc-209409,209409,Bushnell University,Eugene,OR,4-year
sc-209490,209490,Oregon Health & Science University,Portland,OR,4-year
sc-209506,209506,Oregon Institute of Technology,Klamath Falls,OR,4-year
oregon-state-university,209542,Oregon State University,Corvallis,OR,4-year
university-of-oregon,209551,University of Oregon,Eugene,OR,4-year
sc-209603,209603,Pacific Northwest College of Art,Portland,OR,4-year
sc-209612,209612,Pacific University,Forest Grove,OR,4-year
sc-209807,209807,Portland State University,Portland,OR,4-year
sc-209825,209825,University of Portland,Portland,OR,4-year
sc-209922,209922,Reed College,Portland,OR,4-year
sc-210146,210146,Southern Oregon University,Ashland,OR,4-year
sc-210304,210304,Warner Pacific University,Portland,OR,4-year
sc-210331,210331,Corban University,Salem,OR,4-year
sc-210401,210401,Willamette University,Salem,OR,4-year
sc-210429,210429,Western Oregon University,Monmouth,OR,4-year
sc-210438,210438,University of Western States,Portland,OR,4-year
sc-210492,210492,Bryn Athyn College of the New Church,Bryn Athyn,PA,4-year
sc-210571,210571,Albright College,Reading,PA,4-year
sc-210669,210669,Allegheny College,Meadville,PA,4-year
sc-210739,210739,DeSales University,Center Valley,PA,4-year
sc-210775,210775,Alvernia University,Reading,PA,4-year
sc-211088,211088,Arcadia University,Glenside,PA,4-year
sc-211273,211273,Bryn Mawr College,Bryn Mawr,PA,4-year
sc-211291,211291,Bucknell University,Lewisburg,PA,4-year
sc-211431,211431,Carlow University,Pittsburgh,PA,4-year
sc-211440,211440,Carnegie Mellon University,Pittsburgh,PA,4-year
sc-211468,211468,Cedar Crest College,Allentown,PA,4-year
sc-211556,211556,Chatham University,Pittsburgh,PA,4-year
sc-211583,211583,Chestnut Hill College,Philadelphia,PA,4-year
sc-211608,211608,Cheyney University of Pennsylvania,Cheyney,PA,4-year
sc-211893,211893,Curtis Institute of Music,Philadelphia,PA,4-year
sc-211981,211981,Delaware Valley University,Doylestown,PA,4-year
sc-212009,212009,Dickinson College,Carlisle,PA,4-year
drexel-university,212054,Drexel University,Philadelphia,PA,4-year
sc-212106,212106,Duquesne University,Pittsburgh,PA,4-year
sc-212115,212115,East Stroudsburg University of Pennsylvania,East Stroudsburg,PA,4-year
sc-212133,212133,Eastern University,Saint Davids,PA,4-year
sc-212197,212197,Elizabethtown College,Elizabethtown,PA,4-year
sc-212577,212577,Franklin and Marshall College,Lancaster,PA,4-year
sc-212601,212601,Gannon University,Erie,PA,4-year
sc-212656,212656,Geneva College,Beaver Falls,PA,4-year
sc-212674,212674,Gettysburg College,Gettysburg,PA,4-year
sc-212771,212771,Gratz College,Jenkintown,PA,4-year
sc-212805,212805,Grove City College,Grove City,PA,4-year
sc-212832,212832,Gwynedd Mercy University,Gwynedd Valley,PA,4-year
sc-212911,212911,Haverford College,Haverford,PA,4-year
sc-212984,212984,Holy Family University,Philadelphia,PA,4-year
sc-213011,213011,Immaculata University,Immaculata,PA,4-year
sc-213020,213020,Indiana University of Pennsylvania,Indiana,PA,4-year
sc-213251,213251,Juniata College,Huntingdon,PA,4-year
sc-213303,213303,Keystone College,La Plume,PA,4-year
sc-213321,213321,King's College,Wilkes-Barre,PA,4-year
sc-213349,213349,Kutztown University of Pennsylvania,Kutztown,PA,4-year
sc-213358,213358,La Roche University,Pittsburgh,PA,4-year
sc-213367,213367,La Salle University,Philadelphia,PA,4-year
sc-213385,213385,Lafayette College,Easton,PA,4-year
sc-213400,213400,Lancaster Bible College,Lancaster,PA,4-year
sc-213507,213507,Lebanon Valley College,Annville,PA,4-year
sc-213543,213543,Lehigh University,Bethlehem,PA,4-year
sc-213598,213598,Lincoln University,Lincoln University,PA,4-year
sc-213668,213668,Lycoming College,Williamsport,PA,4-year
sc-213826,213826,Marywood University,Scranton,PA,4-year
sc-213987,213987,Mercyhurst University,Erie,PA,4-year
sc-213996,213996,Messiah University,Mechanicsburg,PA,4-year
sc-214041,214041,Millersville University of Pennsylvania,Millersville,PA,4-year
sc-214069,214069,Misericordia University,Dallas,PA,4-year
sc-214148,214148,Moore College of Art and Design,Philadelphia,PA,4-year
sc-214157,214157,Moravian University,Bethlehem,PA,4-year
sc-214166,214166,Mount Aloysius College,Cresson,PA,4-year
sc-214175,214175,Muhlenberg College,Allentown,PA,4-year
sc-214272,214272,Neumann University,Aston,PA,4-year
sc-214591,214591,Pennsylvania State University-Penn State Erie-Behrend College,Erie,PA,4-year
sc-214625,214625,Pennsylvania State University-Penn State New Kensington,New Kensington,PA,4-year
sc-214634,214634,Pennsylvania State University-Penn State Shenango,Sharon,PA,4-year
sc-214643,214643,Pennsylvania State University-Penn State Wilkes-Barre,Dallas,PA,4-year
sc-214652,214652,Pennsylvania State University-Penn State Scranton,Dunmore,PA,4-year
sc-214670,214670,Pennsylvania State University-Penn State Lehigh Valley,Center Valley,PA,4-year
sc-214689,214689,Pennsylvania State University-Penn State Altoona,Altoona,PA,4-year
sc-214698,214698,Pennsylvania State University-Penn State Beaver,Monaca,PA,4-year
sc-214704,214704,Pennsylvania State University-Penn State Berks,Reading,PA,4-year
sc-214713,214713,Pennsylvania State University-Penn State Harrisburg,Middletown,PA,4-year
sc-214731,214731,Pennsylvania State University-Penn State Brandywine,Media,PA,4-year
sc-214740,214740,Pennsylvania State University-Penn State DuBois,DuBois,PA,4-year
sc-214759,214759,Pennsylvania State University-Penn State Fayette- Eberly,Lemont Furnace,PA,4-year
sc-214768,214768,Pennsylvania State University-Penn State Hazleton,Hazleton,PA,4-year
sc-214777,214777,Pennsylvania State University-Main Campus,University Park,PA,4-year
sc-214786,214786,Pennsylvania State University-Penn State Greater Allegheny,McKeesport,PA,4-year
sc-214795,214795,Pennsylvania State University-Penn State Mont Alto,Mont Alto,PA,4-year
sc-214801,214801,Pennsylvania State University-Penn State Abington,Abington,PA,4-year
sc-214810,214810,Pennsylvania State University-Penn State Schuylkill,Schuylkill Haven,PA,4-year
sc-214829,214829,Pennsylvania State University-Penn State York,York,PA,4-year
sc-214883,214883,Peirce College,Philadelphia,PA,4-year
sc-214971,214971,Pennsylvania Academy of the Fine Arts,Philadelphia,PA,4-year
sc-215053,215053,Pennsylvania College of Art and Design,Lancaster,PA,4-year
university-of-pennsylvania,215062,University of Pennsylvania,Philadelphia,PA,4-year
sc-215114,215114,Cairn University-Langhorne,Langhorne,PA,4-year
sc-215266,215266,University of Pittsburgh-Bradford,Bradford,PA,4-year
sc-215275,215275,University of Pittsburgh-Greensburg,Greensburg,PA,4-year
sc-215284,215284,University of Pittsburgh-Johnstown,Johnstown,PA,4-year
sc-215293,215293,University of Pittsburgh-Pittsburgh Campus,Pittsburgh,PA,4-year
sc-215442,215442,Point Park University,Pittsburgh,PA,4-year
sc-215655,215655,Robert Morris University,Moon Township,PA,4-year
sc-215691,215691,Rosemont College,Rosemont,PA,4-year
sc-215743,215743,Saint Francis University,Loretto,PA,4-year
sc-215770,215770,Saint Joseph's University - Philadelphia,Philadelphia,PA,4-year
sc-215798,215798,Saint Vincent College,Latrobe,PA,4-year
sc-215929,215929,University of Scranton,Scranton,PA,4-year
sc-215947,215947,Seton Hill University,Greensburg,PA,4-year
sc-216010,216010,Shippensburg University of Pennsylvania,Shippensburg,PA,4-year
sc-216038,216038,Slippery Rock University of Pennsylvania,Slippery Rock,PA,4-year
sc-216047,216047,Saint Charles Borromeo Seminary-Overbrook,Ambler,PA,4-year
sc-216278,216278,Susquehanna University,Selinsgrove,PA,4-year
sc-216287,216287,Swarthmore College,Swarthmore,PA,4-year
sc-216311,216311,Talmudical Yeshiva of Philadelphia,Philadelphia,PA,4-year
temple-university,216339,Temple University,Philadelphia,PA,4-year
sc-216357,216357,Thiel College,Greenville,PA,4-year
sc-216366,216366,Thomas Jefferson University,Philadelphia,PA,4-year
sc-216524,216524,Ursinus College,Collegeville,PA,4-year
sc-216542,216542,University of Valley Forge,Phoenixville,PA,4-year
sc-216597,216597,Villanova University,Villanova,PA,4-year
sc-216667,216667,Washington & Jefferson College,Washington,PA,4-year
sc-216694,216694,Waynesburg University,Waynesburg,PA,4-year
sc-216764,216764,West Chester University of Pennsylvania,West Chester,PA,4-year
sc-216807,216807,Westminster College,New Wilmington,PA,4-year
sc-216852,216852,Widener University,Chester,PA,4-year
sc-216931,216931,Wilkes University,Wilkes-Barre,PA,4-year
sc-217013,217013,Wilson College,Chambersburg,PA,4-year
sc-217059,217059,York College of Pennsylvania,York,PA,4-year
sc-217156,217156,Brown University,Providence,RI,4-year
sc-217165,217165,Bryant University,Smithfield,RI,4-year
sc-217235,217235,Johnson & Wales University-Providence,Providence,RI,4-year
sc-217402,217402,Providence College,Providence,RI,4-year
sc-217420,217420,Rhode Island College,Providence,RI,4-year
university-of-rhode-island,217484,University of Rhode Island,Kingston,RI,4-year
sc-217493,217493,Rhode Island School of Design,Providence,RI,4-year
sc-217518,217518,Roger Williams University,Bristol,RI,4-year
sc-217536,217536,Salve Regina University,Newport,RI,4-year
sc-217606,217606,Northpoint Bible College,Haverhill,MA,4-year
sc-217624,217624,Allen University,Columbia,SC,4-year
sc-217633,217633,Anderson University,Anderson,SC,4-year
sc-217688,217688,Charleston Southern University,Charleston,SC,4-year
sc-217721,217721,Benedict College,Columbia,SC,4-year
sc-217749,217749,Bob Jones University,Greenville,SC,4-year
sc-217776,217776,Southern Wesleyan University,Central,SC,4-year
college-of-charleston,217819,College of Charleston,Charleston,SC,4-year
sc-217864,217864,Citadel Military College of South Carolina,Charleston,SC,4-year
sc-217873,217873,Claflin University,Orangeburg,SC,4-year
sc-217882,217882,Clemson University,Clemson,SC,4-year
sc-217891,217891,Clinton College,Rock Hill,SC,4-year
sc-217907,217907,Coker University,Hartsville,SC,4-year
sc-217925,217925,Columbia International University,Columbia,SC,4-year
sc-217934,217934,Columbia College,Columbia,SC,4-year
sc-217961,217961,Converse University,Spartanburg,SC,4-year
sc-217998,217998,Erskine College,Due West,SC,4-year
sc-218061,218061,Francis Marion University,Florence,SC,4-year
sc-218070,218070,Furman University,Greenville,SC,4-year
sc-218229,218229,Lander University,Greenwood,SC,4-year
sc-218335,218335,Medical University of South Carolina,Charleston,SC,4-year
sc-218399,218399,Morris College,Sumter,SC,4-year
sc-218414,218414,Newberry College,Newberry,SC,4-year
sc-218441,218441,North Greenville University,Tigerville,SC,4-year
sc-218539,218539,Presbyterian College,Clinton,SC,4-year
sc-218645,218645,University of South Carolina Aiken,Aiken,SC,4-year
sc-218654,218654,University of South Carolina Beaufort,Bluffton,SC,4-year
sc-218663,218663,University of South Carolina-Columbia,Columbia,SC,4-year
sc-218724,218724,Coastal Carolina University,Conway,SC,4-year
sc-218733,218733,South Carolina State University,Orangeburg,SC,4-year
sc-218742,218742,University of South Carolina-Upstate,Spartanburg,SC,4-year
sc-218919,218919,Voorhees University,Denmark,SC,4-year
sc-218964,218964,Winthrop University,Rock Hill,SC,4-year
sc-218973,218973,Wofford College,Spartanburg,SC,4-year
sc-219000,219000,Augustana University,Sioux Falls,SD,4-year
sc-219046,219046,Black Hills State University,Spearfish,SD,4-year
sc-219082,219082,Dakota State University,Madison,SD,4-year
sc-219091,219091,Dakota Wesleyan University,Mitchell,SD,4-year
sc-219198,219198,Mount Marty University,Yankton,SD,4-year
sc-219204,219204,National American University-Rapid City,Rapid City,SD,4-year
sc-219240,219240,Kairos University,Sioux Falls,SD,4-year
sc-219259,219259,Northern State University,Aberdeen,SD,4-year
sc-219347,219347,South Dakota School of Mines and Technology,Rapid City,SD,4-year
sc-219356,219356,South Dakota State University,Brookings,SD,4-year
sc-219383,219383,University of Sioux Falls,Sioux Falls,SD,4-year
sc-219471,219471,University of South Dakota,Vermillion,SD,4-year
sc-219505,219505,American Baptist College,Nashville,TN,4-year
sc-219602,219602,Austin Peay State University,Clarksville,TN,4-year
sc-219639,219639,Baptist Health Sciences University,Memphis,TN,4-year
sc-219709,219709,Belmont University,Nashville,TN,4-year
sc-219718,219718,Bethel University,McKenzie,TN,4-year
sc-219790,219790,Bryan College-Dayton,Dayton,TN,4-year
sc-219806,219806,Carson-Newman University,Jefferson City,TN,4-year
sc-219833,219833,Christian Brothers University,Memphis,TN,4-year
sc-219949,219949,Cumberland University,Lebanon,TN,4-year
sc-219976,219976,Lipscomb University,Nashville,TN,4-year
sc-220075,220075,East Tennessee State University,Johnson City,TN,4-year
sc-220181,220181,Fisk University,Nashville,TN,4-year
sc-220206,220206,Welch College,Gallatin,TN,4-year
sc-220215,220215,Freed-Hardeman University,Henderson,TN,4-year
sc-220473,220473,Johnson University,Knoxville,TN,4-year
sc-220516,220516,King University,Bristol,TN,4-year
sc-220598,220598,Lane College,Jackson,TN,4-year
sc-220604,220604,Le Moyne-Owen College,Memphis,TN,4-year
sc-220613,220613,Lee University,Cleveland,TN,4-year
sc-220631,220631,Lincoln Memorial University,Harrogate,TN,4-year
sc-220701,220701,The University of Tennessee Southern,Pulaski,TN,4-year
sc-220710,220710,Maryville College,Maryville,TN,4-year
sc-220862,220862,University of Memphis,Memphis,TN,4-year
sc-220978,220978,Middle Tennessee State University,Murfreesboro,TN,4-year
sc-221351,221351,Rhodes College,Memphis,TN,4-year
sc-221519,221519,The University of the South,Sewanee,TN,4-year
sc-221661,221661,Southern Adventist University,Collegedale,TN,4-year
sc-221731,221731,Tennessee Wesleyan University,Athens,TN,4-year
sc-221740,221740,The University of Tennessee-Chattanooga,Chattanooga,TN,4-year
sc-221759,221759,The University of Tennessee-Knoxville,Knoxville,TN,4-year
sc-221768,221768,The University of Tennessee-Martin,Martin,TN,4-year
sc-221838,221838,Tennessee State University,Nashville,TN,4-year
sc-221847,221847,Tennessee Technological University,Cookeville,TN,4-year
sc-221892,221892,Trevecca Nazarene University,Nashville,TN,4-year
sc-221953,221953,Tusculum University,Greeneville,TN,4-year
sc-221971,221971,Union University,Jackson,TN,4-year
sc-221999,221999,Vanderbilt University,Nashville,TN,4-year
sc-222178,222178,Abilene Christian University,Abilene,TX,4-year
sc-222628,222628,Amberton University,Garland,TX,4-year
sc-222831,222831,Angelo State University,San Angelo,TX,4-year
sc-222877,222877,Arlington Baptist University,Arlington,TX,4-year
sc-222983,222983,Austin College,Sherman,TX,4-year
sc-223117,223117,Baptist Missionary Association Theological Seminary,Jacksonville,TX,4-year
sc-223232,223232,Baylor University,Waco,TX,4-year
sc-224004,224004,Concordia University Texas,Austin,TX,4-year
sc-224147,224147,Texas A & M University-Corpus Christi,Corpus Christi,TX,4-year
sc-224226,224226,Dallas Baptist University,Dallas,TX,4-year
sc-224244,224244,Dallas Christian College,Dallas,TX,4-year
sc-224323,224323,University of Dallas,Irving,TX,4-year
sc-224527,224527,East Texas Baptist University,Marshall,TX,4-year
sc-224545,224545,Texas A&M University-Texarkana,Texarkana,TX,4-year
sc-224554,224554,East Texas A&M University,Commerce,TX,4-year
sc-225201,225201,Hallmark University,San Antonio,TX,4-year
sc-225247,225247,Hardin-Simmons University,Abilene,TX,4-year
sc-225399,225399,Houston Christian University,Houston,TX,4-year
sc-225414,225414,University of Houston-Clear Lake,Houston,TX,4-year
sc-225432,225432,University of Houston-Downtown,Houston,TX,4-year
sc-225502,225502,Texas A&M University-Victoria,Victoria,TX,4-year
sc-225511,225511,University of Houston,Houston,TX,4-year
sc-225548,225548,Howard Payne University,Brownwood,TX,4-year
sc-225575,225575,Huston-Tillotson University,Austin,TX,4-year
sc-225627,225627,University of the Incarnate Word,San Antonio,TX,4-year
sc-225885,225885,Jarvis Christian University,Hawkins,TX,4-year
sc-226091,226091,Lamar University,Beaumont,TX,4-year
sc-226152,226152,Texas A & M International University,Laredo,TX,4-year
sc-226231,226231,LeTourneau University,Longview,TX,4-year
sc-226383,226383,Lubbock Christian University,Lubbock,TX,4-year
sc-226471,226471,University of Mary Hardin-Baylor,Belton,TX,4-year
sc-226587,226587,McMurry University,Abilene,TX,4-year
sc-226833,226833,Midwestern State University,Wichita Falls,TX,4-year
sc-227216,227216,University of North Texas,Denton,TX,4-year
sc-227331,227331,Our Lady of the Lake University,San Antonio,TX,4-year
sc-227368,227368,The University of Texas Rio Grande Valley,Edinburg,TX,4-year
sc-227429,227429,Paul Quinn College,Dallas,TX,4-year
sc-227526,227526,Prairie View A & M University,Prairie View,TX,4-year
sc-227757,227757,Rice University,Houston,TX,4-year
sc-227845,227845,Saint Edward's University,Austin,TX,4-year
sc-227863,227863,University of St Thomas,Houston,TX,4-year
sc-227881,227881,Sam Houston State University,Huntsville,TX,4-year
sc-228042,228042,Schreiner University,Kerrville,TX,4-year
sc-228149,228149,St. Mary's University,San Antonio,TX,4-year
sc-228246,228246,Southern Methodist University,Dallas,TX,4-year
sc-228325,228325,Nelson University,Waxahachie,TX,4-year
sc-228343,228343,Southwestern University,Georgetown,TX,4-year
sc-228431,228431,Stephen F Austin State University,Nacogdoches,TX,4-year
sc-228459,228459,Texas State University,San Marcos,TX,4-year
sc-228468,228468,Southwestern Adventist University,Keene,TX,4-year
sc-228501,228501,Sul Ross State University,Alpine,TX,4-year
sc-228529,228529,Tarleton State University,Stephenville,TX,4-year
sc-228644,228644,The University of Texas Health Science Center at San Antonio,San Antonio,TX,4-year
sc-228653,228653,The University of Texas Medical Branch at Galveston,Galveston,TX,4-year
sc-228705,228705,Texas A&M University-Kingsville,Kingsville,TX,4-year
sc-228723,228723,Texas A&M University-College Station,College Station,TX,4-year
sc-228769,228769,The University of Texas at Arlington,Arlington,TX,4-year
ut-austin,228778,The University of Texas at Austin,Austin,TX,4-year
sc-228787,228787,The University of Texas at Dallas,Richardson,TX,4-year
sc-228796,228796,The University of Texas at El Paso,El Paso,TX,4-year
sc-228802,228802,The University of Texas at Tyler,Tyler,TX,4-year
sc-228875,228875,Texas Christian University,Fort Worth,TX,4-year
sc-228884,228884,Texas College,Tyler,TX,4-year
sc-228909,228909,University of North Texas Health Science Center,Fort Worth,TX,4-year
sc-228981,228981,Texas Lutheran University,Seguin,TX,4-year
sc-229018,229018,The University of Texas Permian Basin,Odessa,TX,4-year
sc-229027,229027,The University of Texas at San Antonio,San Antonio,TX,4-year
sc-229063,229063,Texas Southern University,Houston,TX,4-year
sc-229115,229115,Texas Tech University,Lubbock,TX,4-year
sc-229160,229160,Texas Wesleyan University,Fort Worth,TX,4-year
sc-229179,229179,Texas Woman's University,Denton,TX,4-year
sc-229267,229267,Trinity University,San Antonio,TX,4-year
sc-229300,229300,The University of Texas Health Science Center at Houston,Houston,TX,4-year
sc-229337,229337,Texas Tech University Health Sciences Center,Lubbock,TX,4-year
sc-229780,229780,Wayland Baptist University,Plainview,TX,4-year
sc-229814,229814,West Texas A & M University,Canyon,TX,4-year
sc-229887,229887,Wiley University,Marshall,TX,4-year
sc-230038,230038,Brigham Young University,Provo,UT,4-year
sc-230047,230047,Brigham Young University-Hawaii,Laie,HI,4-year
sc-230603,230603,Southern Utah University,Cedar City,UT,4-year
sc-230728,230728,Utah State University,Logan,UT,4-year
university-of-utah,230764,University of Utah,Salt Lake City,UT,4-year
sc-230807,230807,Westminster University,Salt Lake City,UT,4-year
sc-230816,230816,Bennington College,Bennington,VT,4-year
sc-230852,230852,Champlain College,Burlington,VT,4-year
sc-230959,230959,Middlebury College,Middlebury,VT,4-year
sc-230995,230995,Norwich University,Northfield,VT,4-year
sc-231059,231059,Saint Michael's College,Colchester,VT,4-year
sc-231095,231095,Sterling College,Craftsbury Common,VT,4-year
sc-231165,231165,Vermont State University,Randolph,VT,4-year
university-of-vermont,231174,University of Vermont,Burlington,VT,4-year
sc-231420,231420,Averett University,Danville,VA,4-year
sc-231554,231554,Bluefield University,Bluefield,VA,4-year
sc-231581,231581,Bridgewater College,Bridgewater,VA,4-year
sc-231624,231624,William & Mary,Williamsburg,VA,4-year
sc-231651,231651,Regent University,Virginia Beach,VA,4-year
sc-231712,231712,Christopher Newport University,Newport News,VA,4-year
sc-232025,232025,Emory & Henry University,Emory,VA,4-year
sc-232043,232043,Eastern Mennonite University,Harrisonburg,VA,4-year
sc-232089,232089,Ferrum College,Ferrum,VA,4-year
sc-232186,232186,George Mason University,Fairfax,VA,4-year
sc-232256,232256,Hampden-Sydney College,Hampden-Sydney,VA,4-year
sc-232265,232265,Hampton University,Hampton,VA,4-year
sc-232308,232308,Hollins University,Roanoke,VA,4-year
sc-232423,232423,James Madison University,Harrisonburg,VA,4-year
sc-232557,232557,Liberty University,Lynchburg,VA,4-year
sc-232566,232566,Longwood University,Farmville,VA,4-year
sc-232609,232609,University of Lynchburg,Lynchburg,VA,4-year
sc-232672,232672,Mary Baldwin University,Staunton,VA,4-year
sc-232681,232681,University of Mary Washington,Fredericksburg,VA,4-year
sc-232706,232706,Marymount University,Arlington,VA,4-year
sc-232885,232885,Sentara College of Health Sciences,Chesapeake,VA,4-year
sc-232937,232937,Norfolk State University,Norfolk,VA,4-year
sc-232982,232982,Old Dominion University,Norfolk,VA,4-year
sc-233277,233277,Radford University,Radford,VA,4-year
sc-233295,233295,Randolph-Macon College,Ashland,VA,4-year
sc-233301,233301,Randolph College,Lynchburg,VA,4-year
sc-233356,233356,Bon Secours Memorial College of Nursing,Richmond,VA,4-year
sc-233374,233374,University of Richmond,University of Richmond,VA,4-year
sc-233426,233426,Roanoke College,Salem,VA,4-year
sc-233541,233541,Shenandoah University,Winchester,VA,4-year
sc-233602,233602,Southeastern Free Will Baptist Bible College,Wendell,NC,4-year
sc-233611,233611,Southern Virginia University,Buena Vista,VA,4-year
sc-233684,233684,Strayer University-Virginia,Arlington,VA,4-year
sc-233718,233718,Sweet Briar College,Sweet Briar,VA,4-year
sc-233897,233897,University of Virginia's College at Wise,Wise,VA,4-year
sc-233921,233921,Virginia Polytechnic Institute and State University,Blacksburg,VA,4-year
sc-234030,234030,Virginia Commonwealth University,Richmond,VA,4-year
sc-234076,234076,University of Virginia-Main Campus,Charlottesville,VA,4-year
sc-234085,234085,Virginia Military Institute,Lexington,VA,4-year
sc-234137,234137,Virginia University of Lynchburg,Lynchburg,VA,4-year
sc-234155,234155,Virginia State University,Petersburg,VA,4-year
sc-234164,234164,Virginia Union University,Richmond,VA,4-year
sc-234173,234173,Virginia Wesleyan University,Virginia Beach,VA,4-year
sc-234207,234207,Washington and Lee University,Lexington,VA,4-year
sc-234827,234827,Central Washington University,Ellensburg,WA,4-year
sc-234915,234915,City University of Seattle,Seattle,WA,4-year
sc-235097,235097,Eastern Washington University,Cheney,WA,4-year
sc-235167,235167,The Evergreen State College,Olympia,WA,4-year
sc-235316,235316,Gonzaga University,Spokane,WA,4-year
sc-235422,235422,Heritage University,Toppenish,WA,4-year
sc-235547,235547,Bastyr University,Kenmore,WA,4-year
sc-236133,236133,Northwest University,Kirkland,WA,4-year
sc-236230,236230,Pacific Lutheran University,Tacoma,WA,4-year
sc-236328,236328,University of Puget Sound,Tacoma,WA,4-year
sc-236452,236452,Saint Martin's University,Lacey,WA,4-year
sc-236577,236577,Seattle Pacific University,Seattle,WA,4-year
sc-236595,236595,Seattle University,Seattle,WA,4-year
sc-236896,236896,Walla Walla University,College Place,WA,4-year
sc-236939,236939,Washington State University,Pullman,WA,4-year
sc-236948,236948,University of Washington-Seattle Campus,Seattle,WA,4-year
sc-237011,237011,Western Washington University,Bellingham,WA,4-year
sc-237057,237057,Whitman College,Walla Walla,WA,4-year
sc-237066,237066,Whitworth University,Spokane,WA,4-year
sc-237136,237136,Appalachian Bible College,Mount Hope,WV,4-year
sc-237181,237181,Bethany College,Bethany,WV,4-year
sc-237215,237215,Bluefield State University,Bluefield,WV,4-year
sc-237312,237312,University of Charleston,Charleston,WV,4-year
sc-237330,237330,Concord University,Athens,WV,4-year
sc-237358,237358,Davis & Elkins College,Elkins,WV,4-year
sc-237367,237367,Fairmont State University,Fairmont,WV,4-year
sc-237385,237385,Glenville State University,Glenville,WV,4-year
sc-237525,237525,Marshall University,Huntington,WV,4-year
sc-237783,237783,Salem University,Salem,WV,4-year
sc-237792,237792,Shepherd University,Shepherdstown,WV,4-year
sc-237899,237899,West Virginia State University,Institute,WV,4-year
sc-237932,237932,West Liberty University,West Liberty,WV,4-year
sc-237950,237950,West Virginia University Institute of Technology,Beckley,WV,4-year
sc-237969,237969,West Virginia Wesleyan College,Buckhannon,WV,4-year
sc-238032,238032,West Virginia University,Morgantown,WV,4-year
sc-238078,238078,Wheeling University,Wheeling,WV,4-year
sc-238193,238193,Alverno College,Milwaukee,WI,4-year
sc-238324,238324,Bellin College,Green Bay,WI,4-year
sc-238333,238333,Beloit College,Beloit,WI,4-year
sc-238458,238458,Carroll University,Waukesha,WI,4-year
sc-238476,238476,Carthage College,Kenosha,WI,4-year
sc-238616,238616,Concordia University-Wisconsin,Mequon,WI,4-year
sc-238661,238661,Edgewood University,Madison,WI,4-year
sc-238980,238980,Lakeland University,Plymouth,WI,4-year
sc-239017,239017,Lawrence University,Appleton,WI,4-year
sc-239071,239071,Maranatha Baptist University,Watertown,WI,4-year
sc-239080,239080,Marian University,Fond Du Lac,WI,4-year
sc-239105,239105,Marquette University,Milwaukee,WI,4-year
sc-239309,239309,Milwaukee Institute of Art & Design,Milwaukee,WI,4-year
sc-239318,239318,Milwaukee School of Engineering,Milwaukee,WI,4-year
sc-239390,239390,Mount Mary University,Milwaukee,WI,4-year
sc-239628,239628,Ripon College,Ripon,WI,4-year
sc-239716,239716,Saint Norbert College,De Pere,WI,4-year
sc-240107,240107,Viterbo University,La Crosse,WI,4-year
sc-240189,240189,University of Wisconsin-Whitewater,Whitewater,WI,4-year
sc-240268,240268,University of Wisconsin-Eau Claire,Eau Claire,WI,4-year
sc-240277,240277,University of Wisconsin-Green Bay,Green Bay,WI,4-year
sc-240329,240329,University of Wisconsin-La Crosse,La Crosse,WI,4-year
sc-240338,240338,Wisconsin Lutheran College,Milwaukee,WI,4-year
sc-240365,240365,University of Wisconsin-Oshkosh,Oshkosh,WI,4-year
sc-240374,240374,University of Wisconsin-Parkside,Kenosha,WI,4-year
sc-240417,240417,University of Wisconsin-Stout,Menomonie,WI,4-year
sc-240426,240426,University of Wisconsin-Superior,Superior,WI,4-year
sc-240444,240444,University of Wisconsin-Madison,Madison,WI,4-year
sc-240453,240453,University of Wisconsin-Milwaukee,Milwaukee,WI,4-year
sc-240462,240462,University of Wisconsin-Platteville,Platteville,WI,4-year
sc-240471,240471,University of Wisconsin-River Falls,River Falls,WI,4-year
sc-240480,240480,University of Wisconsin-Stevens Point,Stevens Point,WI,4-year
sc-240727,240727,University of Wyoming,Laramie,WY,4-year
sc-240754,240754,University of Guam,Mangilao,GU,4-year
sc-241191,241191,Universidad Adventista de las Antillas,Mayaguez,PR,4-year
sc-241216,241216,Atlantic University,Guaynabo,PR,4-year
sc-241225,241225,Universidad Central de Bayamon,Bayamón,PR,4-year
sc-241331,241331,Albizu University-San Juan,San Juan,PR,4-year
sc-241386,241386,Caribbean University-Carolina,Carolina,PR,4-year
sc-241395,241395,Pontifical Catholic University of Puerto Rico-Arecibo,Arecibo,PR,4-year
sc-241410,241410,Pontifical Catholic University of Puerto Rico-Ponce,Ponce,PR,4-year
sc-241614,241614,Universidad Teologica del Caribe,Trujillo Alto,PR,4-year
sc-241739,241739,Universidad Ana G. Mendez-Cupey Campus,San Juan,PR,4-year
sc-241766,241766,Puerto Rico Conservatory of Music,San Juan,PR,4-year
sc-241951,241951,Escuela de Artes Plasticas y Diseno de Puerto Rico,San Juan,PR,4-year
sc-242617,242617,Inter American University of Puerto Rico-San German,San German,PR,4-year
sc-242626,242626,Inter American University of Puerto Rico-Aguadilla,Aguadilla,PR,4-year
sc-242635,242635,Inter American University of Puerto Rico-Arecibo,Arecibo,PR,4-year
sc-242644,242644,Inter American University of Puerto Rico-Barranquitas,Barranquitas,PR,4-year
sc-242653,242653,Inter American University of Puerto Rico-Metro,San Juan,PR,4-year
sc-242662,242662,Inter American University of Puerto Rico-Ponce,Mercedita,PR,4-year
sc-242680,242680,Inter American University of Puerto Rico-Fajardo,Fajardo,PR,4-year
sc-242705,242705,Inter American University of Puerto Rico-Bayamon,Bayamon,PR,4-year
sc-243106,243106,University of Puerto Rico-Aguadilla,Aguadilla,PR,4-year
sc-243115,243115,University of Puerto Rico-Arecibo,Arecibo,PR,4-year
sc-243133,243133,University of Puerto Rico,Bayamon,PR,4-year
sc-243142,243142,University of Puerto Rico-Carolina,Carolina,PR,4-year
sc-243151,243151,University of Puerto Rico at Cayey,Cayey,PR,4-year
sc-243179,243179,University of Puerto Rico-Humacao,Humacao,PR,4-year
sc-243197,243197,University of Puerto Rico-Mayaguez,Mayaguez,PR,4-year
sc-243203,243203,University of Puerto Rico-Medical Sciences,San Juan,PR,4-year
sc-243212,243212,University of Puerto Rico at Ponce,Ponce,PR,4-year
sc-243221,243221,University of Puerto Rico-Rio Piedras,San Juan,PR,4-year
sc-243346,243346,Universidad Ana G. Mendez-Carolina Campus,Carolina,PR,4-year
sc-243443,243443,Universidad del Sagrado Corazon,Santurce,PR,4-year
sc-243577,243577,Universidad Politecnica de Puerto Rico,Hato Rey,PR,4-year
sc-243586,243586,Pontifical Catholic University of Puerto Rico-Mayaguez,Mayaguez,PR,4-year
sc-243601,243601,Universidad Ana G. Mendez-Gurabo Campus,Gurabo,PR,4-year
sc-243665,243665,University of the Virgin Islands,Charlotte Amalie,VI,4-year
sc-243744,243744,Stanford University,Stanford,CA,4-year
sc-243780,243780,Purdue University-Main Campus,West Lafayette,IN,4-year
sc-243823,243823,Parker University,Dallas,TX,4-year
sc-245652,245652,St. John's College,Santa Fe,NM,4-year
sc-245777,245777,Bais Medrash Elyon,Monsey,NY,4-year
sc-245838,245838,Antioch University-Los Angeles,Culver City,CA,4-year
sc-245847,245847,Antioch University-Santa Barbara,Santa Barbara,CA,4-year
sc-245883,245883,Antioch University-Seattle,Seattle,WA,4-year
sc-245892,245892,Antioch University,Yellow Springs,OH,4-year
sc-245953,245953,Mid-America Christian University,Oklahoma City,OK,4-year
sc-247773,247773,Yeshiva Gedolah of Greater Detroit,Oak Park,MI,4-year
sc-251312,251312,South University-Columbia,Columbia,SC,4-year
sc-262086,262086,University of Massachusetts Global,Aliso Viejo,CA,4-year
sc-262129,262129,New College of Florida,Sarasota,FL,4-year
sc-262165,262165,Montana Bible College,Billings,MT,4-year
sc-363712,363712,Yeshivah Gedolah Rabbinical College,Miami Beach,FL,4-year
sc-363907,363907,Caribbean University-Ponce,Ponce,PR,4-year
sc-363916,363916,Caribbean University-Vega Baja,Vega Baja,PR,4-year
sc-366711,366711,California State University-San Marcos,San Marcos,CA,4-year
sc-368452,368452,Nossi College of Art and Design,Nashville,TN,4-year
sc-375230,375230,Yeshiva Gedolah Imrei Yosef D'spinka,Brooklyn,NY,4-year
sc-377546,377546,Northwest College of Art & Design,Tacoma,WA,4-year
sc-377555,377555,University of Washington-Bothell Campus,Bothell,WA,4-year
sc-377564,377564,University of Washington-Tacoma Campus,Tacoma,WA,4-year
sc-380438,380438,Provo College,Provo,UT,4-year
sc-384254,384254,Beacon College,Leesburg,FL,4-year
sc-384421,384421,Rabbi Jacob Joseph School,Edison,NJ,4-year
sc-385619,385619,Everglades University,Boca Raton,FL,4-year
sc-388520,388520,College of Biblical Studies-Houston,Houston,TX,4-year
sc-399911,399911,Soka University of America,Aliso Viejo,CA,4-year
sc-401223,401223,World Mission University,Los Angeles,CA,4-year
sc-404338,404338,Schiller International University,Tampa,FL,4-year
sc-405854,405854,Rabbinical College of Ohr Shimon Yisroel,Brooklyn,NY,4-year
sc-407610,407610,Pacific Bible College,Medford,OR,4-year
sc-409698,409698,California State University-Monterey Bay,Seaside,CA,4-year
sc-413413,413413,Capella University,Minneapolis,MN,4-year
sc-414878,414878,Trine University-Regional/Non-Traditional Campuses,Angola,IN,4-year
sc-416801,416801,The University of Texas MD Anderson Cancer Center,Houston,TX,4-year
sc-417752,417752,Messenger College,Bedford,TX,4-year
sc-418126,418126,New York College of Health Professions,Syosset,NY,4-year
sc-420325,420325,Yeshiva D'monsey Rabbinical College,Monsey,NY,4-year
sc-421708,421708,Arizona College of Nursing-Tempe,Tempe,AZ,4-year
sc-421878,421878,Eastern International College-Jersey City,Jersey City,NJ,4-year
sc-426314,426314,Embry-Riddle Aeronautical University-Worldwide,Daytona Beach,FL,4-year
sc-428259,428259,Ottawa University-Milwaukee,Brookfield,WI,4-year
sc-430184,430184,Strayer University-Maryland,Baltimore,MD,4-year
sc-430670,430670,San Juan Bautista School of Medicine,Caguas,PR,4-year
sc-433004,433004,American University of Health Sciences,Signal Hill,CA,4-year
sc-433387,433387,Western Governors University,Salt Lake City,UT,4-year
sc-433420,433420,California Aeronautical University,Bakersfield,CA,4-year
sc-433660,433660,Florida Gulf Coast University,Fort Myers,FL,4-year
sc-434937,434937,Yeshiva College of the Nations Capital,Silver  Spring,MD,4-year
sc-435000,435000,Louisiana State University Health Sciences Center-Shreveport,Shreveport,LA,4-year
sc-436429,436429,Los Angeles Film School,Hollywood,CA,4-year
sc-436614,436614,International Baptist College and Seminary,Chandler,AZ,4-year
sc-436818,436818,University of Connecticut-Waterbury Campus,Waterbury,CT,4-year
sc-436827,436827,University of Connecticut-Avery Point,Groton,CT,4-year
sc-436836,436836,University of Connecticut-Stamford,Stamford,CT,4-year
sc-437097,437097,University of Management and Technology,Arlington,VA,4-year
sc-438586,438586,American InterContinental University-Atlanta,Atlanta,GA,4-year
sc-439446,439446,Atlantic Institute of Oriental Medicine,Fort Lauderdale,FL,4-year
sc-439701,439701,The King's University,Southlake,TX,4-year
sc-440396,440396,New Saint Andrews College,Moscow,ID,4-year
sc-440794,440794,Pillar College,Newark,NJ,4-year
sc-440828,440828,Oregon State University-Cascades Campus,Bend,OR,4-year
sc-440916,440916,Southern University Law Center,Baton Rouge,LA,4-year
sc-441900,441900,Nevada State University,Henderson,NV,4-year
sc-441937,441937,California State University-Channel Islands,Camarillo,CA,4-year
sc-441982,441982,Franklin W Olin College of Engineering,Needham,MA,4-year
sc-442569,442569,University of Arkansas Grantham,LIttle Rock,AR,4-year
sc-442639,442639,University of the Potomac-VA Campus,FALLS CHURCH,VA,4-year
sc-443049,443049,Faith International University,Tacoma,WA,4-year
sc-443058,443058,Family of Faith Christian University,Shawnee,OK,4-year
sc-443331,443331,West Coast University-Texas,Richardson,TX,4-year
sc-443340,443340,Williamson Christian College,Franklin,TN,4-year
sc-443410,443410,DigiPen Institute of Technology,Redmond,WA,4-year
sc-443562,443562,Dewey University-Hato Rey,Hato Rey,PR,4-year
sc-443766,443766,Strayer University-Tennessee,Nashville,TN,4-year
sc-443784,443784,Strayer University-Pennsylvania,Philadelphia,PA,4-year
sc-444088,444088,Brookline College-Albuquerque,Albuquerque,NM,4-year
sc-444130,444130,Northcentral University,San Diego,CA,4-year
sc-444398,444398,Baptist University of the Americas,San Antonio,TX,4-year
sc-444413,444413,Beis Medrash Heichal Dovid,Far Rockaway,NY,4-year
sc-444787,444787,Nightingale College,Salt Lake City,UT,4-year
sc-445027,445027,American InterContinental University System,Chandler,AZ,4-year
sc-445133,445133,American InterContinental University-Houston,Houston,TX,4-year
sc-445188,445188,University of California-Merced,Merced,CA,4-year
sc-445267,445267,Central Methodist University-College of Graduate and Extended Studies,Fayette,MO,4-year
sc-445692,445692,Neumont College of Computer Science,Salt Lake City,UT,4-year
sc-445735,445735,Roseman University of Health Sciences,Henderson,NV,4-year
sc-446048,446048,Ave Maria University,Ave Maria,FL,4-year
sc-446233,446233,Ecclesia College,Springdale,AR,4-year
sc-446385,446385,Los Angeles College of Music,Pasadena,CA,4-year
sc-446561,446561,Stanbridge University,Irvine,CA,4-year
sc-446604,446604,Uta Mesivta of Kiryas Joel,Monroe,NY,4-year
sc-446640,446640,Harrisburg University of Science and Technology,Harrisburg,PA,4-year
sc-447050,447050,United States University,Sandy Springs,CA,4-year
sc-447421,447421,Eagle Gate College-Layton,Layton,UT,4-year
sc-447689,447689,Georgia Gwinnett College,Lawrenceville,GA,4-year
sc-447953,447953,SUM Bible College and Theological Seminary,El Dorado Hills,CA,4-year
sc-448239,448239,Careers Unlimited,Orem,UT,4-year
sc-449038,449038,Strayer University-Florida,Tampa,FL,4-year
sc-449339,449339,American Public University System,Charles Town,WV,4-year
sc-449384,449384,Gnomon,North Hollywood,CA,4-year
sc-449658,449658,Bais Medrash Toras Chesed,Lakewood,NJ,4-year
sc-449764,449764,Visible Music College,Memphis,TN,4-year
sc-449870,449870,University of the West,Rosemead,CA,4-year
sc-449889,449889,American College of Education,Indianapolis,IN,4-year
sc-449898,449898,South University-Tampa,Tampa,FL,4-year
sc-450298,450298,Strayer University-Delaware,Wilmington,DE,4-year
sc-450377,450377,Strayer University-Alabama,Birmingham,AL,4-year
sc-450933,450933,Columbia Southern University,Orange Beach,AL,4-year
sc-451370,451370,Yeshivas Be'er Yitzchok,Elizabeth,NJ,4-year
sc-451398,451398,Yeshiva Toras Chaim,Lakewood,NJ,4-year
sc-451404,451404,Talmudical Seminary of Bobov,Brooklyn,NY,4-year
sc-451927,451927,Patrick Henry College,Purcellville,VA,4-year
sc-453163,453163,Strayer University-North Carolina,Greensboro,NC,4-year
sc-453215,453215,Strayer University-New Jersey,Piscataway,NJ,4-year
sc-454227,454227,Chamberlain University-Illinois,Addison,IL,4-year
sc-454236,454236,Chamberlain University-Ohio,Columbus,OH,4-year
sc-454245,454245,Chamberlain University-Arizona,Phoenix,AZ,4-year
sc-454582,454582,Ottawa University-Online,Overland Park,KS,4-year
sc-454829,454829,Aspen University,Phoenix,AZ,4-year
sc-454856,454856,Denver College of Nursing,Denver,CO,4-year
sc-455257,455257,Yeshiva of Machzikai Hadas,Brooklyn,NY,4-year
sc-455664,455664,The Chicago School at Los Angeles,Los Angeles,CA,4-year
sc-455770,455770,Providence Christian College,Pasadena,CA,4-year
sc-456490,456490,Polytechnic University of Puerto Rico-Orlando,Orlando,FL,4-year
sc-456621,456621,Strayer University-West Virginia,Scott Depot,WV,4-year
sc-456959,456959,University of Minnesota-Rochester,Rochester,MN,4-year
sc-457129,457129,Chamberlain University-Florida,Jacksonville,FL,4-year
sc-457402,457402,University of Fort Lauderdale,Lauderhill,FL,4-year
sc-457484,457484,Pacific Rim Christian University,Honolulu,HI,4-year
sc-458210,458210,West Coast University-Anaheim-Orange County,Anaheim,CA,4-year
sc-458229,458229,West Coast University-Ontario,Ontario,CA,4-year
sc-458885,458885,Strayer University-Arkansas,Little Rock,AR,4-year
sc-458919,458919,Strayer University-Georgia,Chamblee,GA,4-year
sc-458955,458955,Strayer University-Mississippi,Jackson,MS,4-year
sc-458964,458964,Strayer University-South Carolina,Greenville,SC,4-year
sc-458973,458973,Strayer University-Texas,Farmers Branch,TX,4-year
sc-459259,459259,South University-Richmond,Glen Allen,VA,4-year
sc-459268,459268,South University-Virginia Beach,Virginia Beach,VA,4-year
sc-459727,459727,Touro University Worldwide,Los Alamitos,CA,4-year
sc-459824,459824,Touro University Nevada,Henderson,NV,4-year
sc-459842,459842,Herzing University-Kenosha,Kenosha,WI,4-year
sc-459949,459949,Texas A&M University-San Antonio,San Antonio,TX,4-year
sc-459994,459994,Strayer University-Global Region,Washington,DC,4-year
sc-460349,460349,Johnson & Wales University-Online,Providence,RI,4-year
sc-460871,460871,Chamberlain University-Virginia,Vienna,VA,4-year
sc-461023,461023,Crestpoint University,Phoenix,AZ,4-year
sc-461032,461032,Carolina College of Biblical Studies,Fayetteville,NC,4-year
sc-461148,461148,New York Film Academy,Burbank,CA,4-year
sc-461263,461263,American Medical Sciences Center,Glendale,CA,4-year
sc-461795,461795,North American University,Stafford,TX,4-year
sc-461847,461847,Keser Torah-Mayan Hatalmud,Lakewood,NJ,4-year
sc-461883,461883,Millennia Atlantic University,Doral,FL,4-year
sc-462354,462354,John Paul the Great Catholic University,Escondido,CA,4-year
sc-463056,463056,University of Connecticut-Hartford Campus,Hartford,CT,4-year
sc-464226,464226,Ottawa University-Surprise,Surprise,AZ,4-year
sc-466921,466921,Chamberlain University-Missouri,St. Louis,MO,4-year
sc-466930,466930,Chamberlain University-Texas,Houston,TX,4-year
sc-474863,474863,Los Angeles Pacific University,Glendora,CA,4-year
sc-475121,475121,South University-Savannah Online,Savannah,GA,4-year
sc-475200,475200,Whitworth University-Adult Degree Programs,Spokane,WA,4-year
sc-475273,475273,Springfield College-Regional Online and Continuing Education,Springfield,MA,4-year
sc-475398,475398,Catholic International University,Charles Town,WV,4-year
sc-475608,475608,Criswell College,Dallas,TX,4-year
sc-475732,475732,Chamberlain University-Georgia,Sandy Springs,GA,4-year
sc-475741,475741,Chamberlain University-Indiana,Indianapolis,IN,4-year
sc-476601,476601,Bais HaMedrash and Mesivta of Baltimore,Baltimore,MD,4-year
sc-476717,476717,Be'er Yaakov Talmudic Seminary,Spring Valley,NY,4-year
sc-476975,476975,Colorado State University Global,Denver,CO,4-year
sc-479956,479956,Pennsylvania State University-World Campus,University Park,PA,4-year
sc-480073,480073,South University-Austin,Round Rock,TX,4-year
sc-480198,480198,Warner Pacific University Professional and Graduate Studies,Portland,OR,4-year
sc-480781,480781,California Miramar University,San Diego,CA,4-year
sc-480985,480985,Midwives College of Utah,Salt Lake City,UT,4-year
sc-481058,481058,Grace Mission University,Fullerton,CA,4-year
sc-481225,481225,Mid-South Christian College,Memphis,TN,4-year
sc-481401,481401,Grace School of Theology,The Woodlands,TX,4-year
sc-481410,481410,Yeshiva Gedolah Kesser Torah,Monsey,NY,4-year
sc-481438,481438,Yeshiva Yesodei Hatorah,Lakewood,NJ,4-year
sc-481720,481720,South University-High Point,High Point,NC,4-year
sc-482149,482149,Augusta University,Augusta,GA,4-year
sc-482158,482158,Middle Georgia State University,Macon,GA,4-year
sc-482228,482228,Veritas Baptist College,Lawrenceburg,IN,4-year
sc-482413,482413,DeVry College of New York,New York,NY,4-year
sc-482422,482422,DeVry University-Arizona,Phoenix,AZ,4-year
sc-482459,482459,DeVry University-Florida,Orlando,FL,4-year
sc-482468,482468,DeVry University-Georgia,Decatur,GA,4-year
sc-482547,482547,DeVry University-Nevada,Henderson,NV,4-year
sc-482556,482556,DeVry University-New Jersey,Iselin,NJ,4-year
sc-482574,482574,DeVry University-Ohio,Columbus,OH,4-year
sc-482635,482635,DeVry University-Texas,Irving,TX,4-year
sc-482653,482653,DeVry University-Virginia,Arlington,VA,4-year
sc-482680,482680,University of North Georgia,Dahlonega,GA,4-year
sc-482705,482705,Northeastern University Professional Programs,Boston,MA,4-year
sc-482936,482936,Florida Polytechnic University,Lakeland,FL,4-year
sc-483018,483018,Antioch College,Yellow Springs,OH,4-year
sc-483036,483036,Texas A&M University-Central Texas,Killeen,TX,4-year
sc-483124,483124,Arizona State University Digital Immersion,Scottsdale,AZ,4-year
sc-483595,483595,Ana G. Mendez University,Orlando,FL,4-year
sc-483780,483780,Washington University of Science and Technology,Alexandria,VA,4-year
sc-484473,484473,University of Florida-Online,Gainesville,FL,4-year
sc-484613,484613,University of Phoenix-Arizona,Phoenix,AZ,4-year
sc-484844,484844,Minerva University,San Francisco,CA,4-year
sc-484862,484862,University of West Los Angeles,Inglewood,CA,4-year
sc-484871,484871,Rabbinical College Ohr Yisroel,Brooklyn,NY,4-year
sc-484905,484905,University of North Texas at Dallas,Dallas,TX,4-year
sc-485272,485272,West Coast University-Miami,Doral,FL,4-year
sc-485519,485519,Lionel University,Carpinteria,CA,4-year
sc-485698,485698,American College of the Building Arts,Charleston,SC,4-year
sc-485999,485999,Bet Medrash Gadol Ateret Torah,Brooklyn,NY,4-year
sc-486017,486017,Yeshiva Ohr Yisrael,Brooklyn,NY,4-year
sc-486026,486026,Yeshiva Sholom Shachna,Brooklyn,NY,4-year
sc-486053,486053,Bethlehem College & Seminary,Minneapolis,MN,4-year
sc-486284,486284,Bethany Global University,Bloomington,MN,4-year
sc-486840,486840,Kennesaw State University,Kennesaw,GA,4-year
sc-486901,486901,Milligan University,Milligan,TN,4-year
sc-486938,486938,Chamberlain University-Nevada,Las Vegas,NV,4-year
sc-486947,486947,Chamberlain University-Michigan,Troy,MI,4-year
sc-486956,486956,Chamberlain University-New Jersey,North Brunswick,NJ,4-year
sc-487010,487010,The University of Tennessee Health Science Center,Memphis,TN,4-year
sc-487375,487375,Arizona College of Nursing-Las Vegas,Las Vegas,NV,4-year
sc-487524,487524,Husson University,Bangor,ME,4-year
sc-487603,487603,Northwest University-Center for Online and Extended Education,Kirkland,WA,4-year
sc-487746,487746,Yeshiva Zichron Aryeh,Far Rockaway,NY,4-year
sc-488004,488004,Central Yeshiva Beth Joseph,Airmont,NY,4-year
sc-488031,488031,Abraham Lincoln University,Glendale,CA,4-year
sc-488314,488314,Beth Medrash of Asbury Park,Lakewood,NJ,4-year
sc-488387,488387,Claremont Lincoln University,Claremont,CA,4-year
sc-488448,488448,Seattle Film Institute,Seattle,WA,4-year
sc-488679,488679,Indiana Wesleyan University-National & Global,Marion,IN,4-year
sc-488846,488846,University of the People,Pasadena,CA,4-year
sc-489344,489344,Chamberlain University-North Carolina,Charlotte,NC,4-year
sc-489353,489353,Chamberlain University-California,Rancho Cordova,CA,4-year
sc-489937,489937,Carolina University,Winston-Salem,NC,4-year
sc-490045,490045,California Prestige University,Santa Fe Springs,CA,4-year
sc-490081,490081,America Evangelical University,Gardena,CA,4-year
sc-490133,490133,Westcliff University,Irvine,CA,4-year
sc-490276,490276,Yeshiva Shaar Ephraim,Monsey,NY,4-year
sc-490319,490319,Yeshiva Bais Aharon,Lakewood,NJ,4-year
sc-490328,490328,Mechon L'hoyroa,Monsey,NY,4-year
sc-490504,490504,Yeshiva Ohr Naftoli,New Windsor,NY,4-year
sc-490513,490513,Bais Medrash Mayan Hatorah,Lakewood,NJ,4-year
sc-490805,490805,Purdue University Northwest,Hammond,IN,4-year
sc-491057,491057,Yeshiva Kollel Tifereth Elizer,Brooklyn,NY,4-year
sc-491190,491190,The Chicago School at San Diego,San Diego,CA,4-year
sc-491288,491288,University of Wisconsin-Milwaukee Flex,Milwaukee,WI,4-year
sc-491297,491297,University of Wisconsin-Parkside Flex,Kenosha,WI,4-year
sc-491613,491613,Yeshiva Gedolah Tiferes Boruch,North Plainfield,NJ,4-year
sc-491631,491631,Women's Institute of Torah Seminary and College,Baltimore,MD,4-year
sc-491710,491710,Yeshiva Gedolah of Cliffwood,Keyport,NJ,4-year
sc-491765,491765,Yeshivas Emek Hatorah,Howell,NJ,4-year
sc-492069,492069,Champion Christian College,Hot Springs,AR,4-year
sc-492689,492689,Texas Tech University Health Scienes Center El Paso,El Paso,TX,4-year
sc-492759,492759,Chamberlain University-Louisiana,Jefferson,LA,4-year
sc-492801,492801,Drury University-College of Continuing Professional Studies,Springfield,MO,4-year
sc-492962,492962,Indiana Institute of Technology-College of Professional Studies,Fort Wayne,IN,4-year
sc-493594,493594,Yeshiva of Ocean,Greenfield Park,NY,4-year
sc-493600,493600,Congregation Talmidei Mesivta Tiferes Shmiel Aleksander,Brooklyn,NY,4-year
sc-493664,493664,Yeshivat Hechal Shemuel,Brooklyn,NY,4-year
sc-493673,493673,Professional University Dr. Carlos J. Borrero Rios,Hato Rey,PR,4-year
sc-493822,493822,College Unbound,Providence,RI,4-year
sc-494162,494162,Arizona College of Nursing-Dallas,Dallas,TX,4-year
sc-494542,494542,Sattler College,Boston,MA,4-year
sc-494630,494630,Christ Mission College,San Antonio,TX,4-year
sc-494685,494685,Urshan University,Wentzville,MO,4-year
sc-494737,494737,Yeshiva Yesoda Hatorah Vetz Chaim,Brooklyn,NY,4-year
sc-495031,495031,Bais Medrash of Dexter Park,Chestnut Ridge,NY,4-year
sc-495059,495059,Oak Valley College,Rialto,CA,4-year
sc-495420,495420,Arizona College of Nursing-Tampa,Tampa,FL,4-year
sc-495439,495439,Arizona College of Nursing-Fort Lauderdale,Fort Lauderdale,FL,4-year
sc-495448,495448,Arizona College of Nursing-Tucson,Tucson,AZ,4-year
sc-495457,495457,Arizona College of Nursing-Phoenix,Phoenix,AZ,4-year
sc-495916,495916,Pathways College,Tempe,AZ,4-year
sc-496283,496283,Provo College-Idaho Falls Campus,Idaho Falls,ID,4-year
sc-496326,496326,Eagle Gate College-Boise Campus,Boise,ID,4-year
sc-496627,496627,California Northstate University,Elk Grove,CA,4-year
sc-496803,496803,NewU University,Washington,DC,4-year
sc-497037,497037,Abilene Christian University-Undergraduate Online,Addison,TX,4-year
sc-497213,497213,Great Northern University,Spokane,WA,4-year
sc-497268,497268,Arizona College of Nursing-Salt Lake City,Murray,UT,4-year
sc-497408,497408,Bridges Christian College,New Orleans,LA,4-year
sc-497462,497462,Redeemers University North America,Greenville,TX,4-year
sc-497480,497480,Reach University,Oakland,CA,4-year
sc-497824,497824,Evangel University-College of Online Learning,Springfield,MO,4-year
sc-498049,498049,Arizona College of Nursing-Southfield,Southfield,MI,4-year
sc-498447,498447,Arizona College of Nursing-Falls Church,Falls Church,VA,4-year
sc-498456,498456,Arizona College of Nursing-Ontario,Ontario,CA,4-year
sc-498562,498562,Commonwealth University of Pennsylvania,Bloomsburg,PA,4-year
sc-498571,498571,Pennsylvania Western University,California,PA,4-year
sc-498623,498623,Justice University,Chandler,AZ,4-year
sc-498809,498809,Yeshiva of Kasho,Brooklyn,NY,4-year
sc-498906,498906,Yeshivas Sanz Klauzenburg,Brooklyn,NY,4-year
sc-498924,498924,URBE University,Sweetwater,FL,4-year
sc-499370,499370,Arizona College of Nursing-Sarasota,University Park,FL,4-year
sc-499389,499389,Arizona College of Nursing-Aurora,Aurora,CO,4-year
sc-499398,499398,Arizona College of Nursing-Cincinnati,Cincinnati,OH,4-year
sc-499404,499404,Arizona College of Nursing-Cleveland,Beachwood,OH,4-year
sc-499422,499422,Denver College of Nursing-Houston,Houston,TX,4-year
sc-500290,500290,Arizona College of Nursing - Chesapeake,Chesapeake,VA,4-year
sc-500306,500306,Arizona College of Nursing - Hartford,East Hartford,CT,4-year
sc-500333,500333,Arizona College of Nursing-St Louis,Maryland Heights,MO,4-year
sc-500342,500342,EDvance College,San Francisco,CA,4-year
sc-500713,500713,Virginia Christian College,Dumfries,VA,4-year
sc-500740,500740,Congregation YMH,Brooklyn,NY,4-year
sc-500829,500829,Northpoint College,Wyoming,MI,4-year
sc-501451,501451,UTH Florida University,Miami,FL,4-year
sc-501488,501488,West Coast University-Los Angeles,North Hollywood,CA,4-year
sc-501521,501521,Herzing University-Clarksville,Clarksville,TN,4-year
sc-104665,104665,The School of Architecture,Scottsdale,AZ,graduate
sc-108269,108269,Academy of Chinese Culture and Health Sciences,Oakland,CA,graduate
sc-108870,108870,American Film Institute Conservatory,Los Angeles,CA,graduate
sc-110398,110398,University of California College of the Law-San Francisco,San Francisco,CA,graduate
sc-110699,110699,University of California-San Francisco,San Francisco,CA,graduate
sc-111391,111391,California Western School of Law,San Diego,CA,graduate
sc-112127,112127,Church Divinity School of the Pacific,Berkeley,CA,graduate
sc-112251,112251,Claremont Graduate University,Claremont,CA,graduate
sc-112525,112525,Western University of Health Sciences,Pomona,CA,graduate
sc-113704,113704,Dominican School of Philosophy & Theology,Berkeley,CA,graduate
sc-114549,114549,Fielding Graduate University,Santa Barbara,CA,graduate
sc-114585,114585,Five Branches University,Santa Cruz,CA,graduate
sc-114734,114734,Franciscan School of Theology,San Diego,CA,graduate
sc-114840,114840,Fuller Theological Seminary,Pasadena,CA,graduate
sc-115214,115214,Graduate Theological Union,Berkeley,CA,graduate
sc-115746,115746,Pacifica Graduate Institute,Santa Barbara CA,CA,graduate
sc-117520,117520,Life Chiropractic College West,Hayward,CA,graduate
sc-119678,119678,Naval Postgraduate School,Monterey,CA,graduate
sc-120795,120795,Pacific School of Religion,Berkeley,CA,graduate
sc-121628,121628,RAND School of Public Policy,Santa Monica,CA,graduate
sc-122117,122117,Dongguk University Los Angeles,Los Angeles,CA,graduate
sc-122649,122649,San Joaquin College of Law,Clovis,CA,graduate
sc-123095,123095,Saybrook University,Pasadena,CA,graduate
sc-123448,123448,Trinity Law School,Santa Ana,CA,graduate
sc-123633,123633,South Baylo University,Anaheim,CA,graduate
sc-123916,123916,Starr King School for the Ministry,Oakland,CA,graduate
sc-123943,123943,Marshall B Ketchum University,Fullerton,CA,graduate
sc-123970,123970,Southwestern Law School,Los Angeles,CA,graduate
sc-124283,124283,Claremont School of Theology,Los Angeles,CA,graduate
sc-125037,125037,The Colleges of Law at Ventura,Ventura,CA,graduate
sc-125718,125718,Westminster Theological Seminary in California,Escondido,CA,graduate
sc-126012,126012,The Wright Institute,Berkeley,CA,graduate
sc-126049,126049,Thomas Jefferson School of Law,San Diego,CA,graduate
sc-126979,126979,Denver Seminary,Littleton,CO,graduate
sc-127273,127273,Iliff School of Theology,Denver,CO,graduate
sc-129491,129491,Hartford International University for Religion and Peace,Hartford,CT,graduate
sc-131405,131405,Pontifical Faculty of the Immaculate Conception at the Dominican House of Studies,Washington,DC,graduate
sc-131973,131973,Wesley Theological Seminary,Washington,DC,graduate
sc-136701,136701,Saint Vincent de Paul Regional Seminary,Boynton Beach,FL,graduate
sc-138929,138929,Atlanta's John Marshall Law School,Atlanta,GA,graduate
sc-139348,139348,Columbia Theological Seminary,Decatur,GA,graduate
sc-140146,140146,Interdenominational Theological Center,Atlanta,GA,graduate
sc-140562,140562,Morehouse School of Medicine,Atlanta,GA,graduate
sc-143233,143233,Bethany Theological Seminary,Richmond,IN,graduate
sc-143659,143659,Catholic Theological Union at Chicago,Chicago,IL,graduate
sc-143853,143853,Midwestern University-Downers Grove,Downers Grove,IL,graduate
sc-144014,144014,Chicago Theological Seminary,Chicago,IL,graduate
sc-145275,145275,Garrett-Evangelical Theological Seminary,Evanston,IL,graduate
sc-145558,145558,Rosalind Franklin University of Medicine and Science,North Chicago,IL,graduate
sc-145628,145628,Illinois College of Optometry,Chicago,IL,graduate
sc-145886,145886,Institute for Clinical Social Work,Chicago,IL,graduate
sc-146490,146490,Lake Forest Graduate School of Management,Lake Forest,IL,graduate
sc-146728,146728,Lutheran School of Theology at Chicago,Chicago,IL,graduate
sc-146977,146977,McCormick Theological Seminary,Chicago,IL,graduate
sc-147031,147031,Meadville Theological School of Lombard College,Chicago,IL,graduate
sc-147697,147697,Northern Baptist Theological Seminary,Lisle,IL,graduate
sc-148885,148885,University of Saint Mary of the Lake,Mundelein,IL,graduate
sc-148982,148982,Spertus College,Chicago,IL,graduate
sc-150215,150215,Christian Theological Seminary,Indianapolis,IN,graduate
sc-150288,150288,Concordia Theological Seminary,Fort Wayne,IN,graduate
sc-151865,151865,Anabaptist Mennonite Biblical Seminary,Elkhart,IN,graduate
sc-152451,152451,Saint Meinrad School of Theology,St. Meinrad,IN,graduate
sc-154156,154156,Des Moines University-Osteopathic Medical Center,West Des Moines,IA,graduate
sc-154536,154536,Wartburg Theological Seminary,Dubuque,IA,graduate
sc-156222,156222,Asbury Theological Seminary,Wilmore,KY,graduate
sc-156727,156727,Frontier Nursing University,Versailles,KY,graduate
sc-157207,157207,Lexington Theological Seminary,Lexington,KY,graduate
sc-157298,157298,Louisville Presbyterian Theological Seminary,Louisville,KY,graduate
sc-164915,164915,Boston Graduate School of Psychoanalysis Inc,Brookline,MA,graduate
sc-165495,165495,Conway School of Landscape Design,Northampton,MA,graduate
sc-165945,165945,Gordon-Conwell Theological Seminary,South Hamilton,MA,graduate
sc-166045,166045,Hebrew College,Newton,MA,graduate
sc-166708,166708,University of Massachusetts Chan Medical School,Worcester,MA,graduate
sc-167215,167215,New England Law-Boston,Boston,MA,graduate
sc-169099,169099,Calvin Theological Seminary,Grand Rapids,MI,graduate
sc-169220,169220,Michigan School of Psychology,Farmington Hills,MI,graduate
sc-169424,169424,Cranbrook Academy of Art,Bloomfield Hills,MI,graduate
sc-172477,172477,Thomas M Cooley Law School,Lansing,MI,graduate
sc-172705,172705,Western Theological Seminary,Holland,MI,graduate
sc-173683,173683,Hazelden Betty Ford Graduate School,Center City,MN,graduate
sc-173896,173896,Luther Seminary,Saint Paul,MN,graduate
sc-175139,175139,United Theological Seminary of the Twin Cities,St. Paul,MN,graduate
sc-175281,175281,Mitchell Hamline School of Law,Saint Paul,MN,graduate
sc-176600,176600,Aquinas Institute of Theology,Saint Louis,MO,graduate
sc-177092,177092,Concordia Seminary,Saint Louis,MO,graduate
sc-177126,177126,Covenant Theological Seminary,Saint Louis,MO,graduate
sc-177278,177278,Eden Theological Seminary,Webster Groves,MO,graduate
sc-177816,177816,Kenrick Glennon Seminary,Saint Louis,MO,graduate
sc-177834,177834,A T Still University of Health Sciences,Kirksville,MO,graduate
sc-178518,178518,Nazarene Theological Seminary,Kansas City,MO,graduate
sc-179317,179317,Saint Paul School of Theology,Leawood,KS,graduate
sc-179812,179812,Kansas City University,Kansas City,MO,graduate
sc-182829,182829,University of New Hampshire-Franklin Pierce School of Law,Concord,NH,graduate
sc-185758,185758,New Brunswick Theological Seminary,New Brunswick,NJ,graduate
sc-186122,186122,Princeton Theological Seminary,Princeton,NJ,graduate
sc-188207,188207,Southwestern College,Santa Fe,NM,graduate
sc-188535,188535,Albany Law School,Albany,NY,graduate
sc-188580,188580,Albany Medical College,Albany,NY,graduate
sc-189015,189015,Bank Street College of Education,New York,NY,graduate
sc-189501,189501,Brooklyn Law School,Brooklyn,NY,graduate
sc-190080,190080,Colgate Rochester Crozer Divinity School,Rochester,NY,graduate
sc-190424,190424,Weill Medical College of Cornell University,New York,NY,graduate
sc-190682,190682,CUNY School of Law,Long Island City,NY,graduate
sc-193405,193405,Icahn School of Medicine at Mount Sinai,New York,NY,graduate
sc-193751,193751,Northeast College of Health Sciences,Seneca Falls,NY,graduate
sc-193821,193821,New York Law School,New York,NY,graduate
sc-193830,193830,New York Medical College,Valhalla,NY,graduate
sc-194073,194073,New York College of Podiatric Medicine,New York,NY,graduate
sc-195049,195049,The Rockefeller University,New York,NY,graduate
sc-195155,195155,St Bernard's School of Theology and Ministry,Rochester,NY,graduate
sc-195580,195580,Saint Vladimirs Orthodox Theological Seminary,Yonkers,NY,graduate
sc-196228,196228,SUNY College of Optometry,New York,NY,graduate
sc-196468,196468,Teachers College at Columbia University,New York,NY,graduate
sc-196884,196884,Union Theological Seminary in the City of New York,New York,NY,graduate
sc-200697,200697,Air Force Institute of Technology-Graduate School of Engineering & Management,Wright-Patterson AFB,OH,graduate
sc-203067,203067,Hebrew Union College-Jewish Institute of Religion,New York,NY,graduate
sc-203997,203997,Methodist Theological School in Ohio,Delaware,OH,graduate
sc-204477,204477,Northeast Ohio Medical University,Rootstown,OH,graduate
sc-204990,204990,Payne Theological Seminary,Wilberforce,OH,graduate
sc-206288,206288,United Theological Seminary,Dayton,OH,graduate
sc-206516,206516,Winebrenner Theological Seminary,Findlay,OH,graduate
sc-207315,207315,Oklahoma State University Center for Health Sciences,Tulsa,OK,graduate
sc-210368,210368,Western Seminary,Portland,OR,graduate
sc-210508,210508,Academy of Vocal Arts,Philadelphia,PA,graduate
sc-213631,213631,United Lutheran Seminary,Gettysburg,PA,graduate
sc-214607,214607,Pennsylvania State University-Penn State Great Valley,Malvern,PA,graduate
sc-215123,215123,Philadelphia College of Osteopathic Medicine,Philadelphia,PA,graduate
sc-215424,215424,Pittsburgh Theological Seminary,Pittsburgh,PA,graduate
sc-215619,215619,Reconstructionist Rabbinical College,Wyncote,PA,graduate
sc-215813,215813,Saint Vincent Seminary,Latrobe,PA,graduate
sc-216348,216348,Theological Seminary of the Reformed Episcopal Church,Oreland,PA,graduate
sc-216463,216463,Trinity Anglican Seminary,Ambridge,PA,graduate
sc-216816,216816,Westminster Theological Seminary,Glenside,PA,graduate
sc-218751,218751,Sherman College of Chiropractic,Boiling Springs,SC,graduate
sc-220792,220792,Meharry Medical College,Nashville,TN,graduate
sc-220871,220871,Memphis Theological Seminary,Memphis,TN,graduate
sc-220996,220996,Middle Tennessee School of Anesthesia Inc,Madison,TN,graduate
sc-221670,221670,Southern College of Optometry,Memphis,TN,graduate
sc-223001,223001,Austin Presbyterian Theological Seminary,Austin,TX,graduate
sc-223223,223223,Baylor College of Medicine,Houston,TX,graduate
sc-224305,224305,Dallas Theological Seminary,Dallas,TX,graduate
sc-224712,224712,Episcopal Theological Seminary of the Southwest,Austin,TX,graduate
sc-227289,227289,Oblate School of Theology,San Antonio,TX,graduate
sc-228194,228194,South Texas College of Law Houston,Houston,TX,graduate
sc-228635,228635,University of Texas Southwestern Medical Center,Dallas,TX,graduate
sc-228866,228866,Texas Chiropractic College Foundation Inc,Pasadena,TX,graduate
sc-231068,231068,SIT Graduate Institute,Brattleboro,VT,graduate
sc-231147,231147,Vermont Law and Graduate School,South Royalton,VT,graduate
sc-233842,233842,Union Presbyterian Seminary,Richmond,VA,graduate
sc-237880,237880,West Virginia School of Osteopathic Medicine,Lewisburg,WV,graduate
sc-239169,239169,Medical College of Wisconsin,Milwaukee,WI,graduate
sc-239424,239424,Nashotah House,Nashotah,WI,graduate
sc-239637,239637,Sacred Heart Seminary and School of Theology,Franklin,WI,graduate
sc-240213,240213,Wisconsin School of Professional Psychology,Milwaukee,WI,graduate
sc-241793,241793,Center for Advanced Studies On Puerto Rico and the Caribbean,San Juan,PR,graduate
sc-242723,242723,Inter American University of Puerto Rico-School of Law,San Juan,PR,graduate
sc-243081,243081,Ponce Health Sciences University,Ponce,PR,graduate
sc-243498,243498,Seminario Evangelico de Puerto Rico,San Juan,PR,graduate
sc-245865,245865,Antioch University-New England,Keene,NH,graduate
sc-246789,246789,HJ International Graduate School for Peace and Public Leadership,New York,NY,graduate
sc-366368,366368,New York Academy of Art,New York,NY,graduate
sc-367954,367954,University of St. Augustine for Health Sciences,San Marcos,CA,graduate
sc-369002,369002,Massachusetts School of Law,Andover,MA,graduate
sc-374024,374024,Adler Graduate School,Minnetonka,MN,graduate
sc-381352,381352,Colorado Chinese Medicine University,Denver,CO,graduate
sc-381459,381459,Phoenix Seminary,Scottsdale,AZ,graduate
sc-384306,384306,Acupuncture and Integrative Medicine College-Berkeley,Berkeley,CA,graduate
sc-385415,385415,Albert Einstein College of Medicine,Bronx,NY,graduate
sc-401250,401250,Yo San University of Traditional Chinese Medicine,Los Angeles,CA,graduate
sc-404222,404222,Inter American University of Puerto Rico-School of Optometry,Bayamon,PR,graduate
sc-409254,409254,Erikson Institute,Chicago,IL,graduate
sc-409616,409616,Roger Williams University School of Law,Bristol,RI,graduate
sc-414966,414966,Phillips Theological Seminary,Tulsa,OK,graduate
sc-420246,420246,Sonoran University of Health Sciences,Tempe,AZ,graduate
sc-420705,420705,Bakke Graduate University,Dallas,TX,graduate
sc-423643,423643,Midwestern University-Glendale,Glendale,AZ,graduate
sc-429085,429085,American College of Acupuncture and Oriental Med,Houston,TX,graduate
sc-430704,430704,Texas Health and Science University,Austin,TX,graduate
sc-432348,432348,Appalachian School of Law,Grundy,VA,graduate
sc-434441,434441,Florida College of Integrative Medicine,Orlando,FL,graduate
sc-439020,439020,Midwest College of Oriental Medicine-Skokie,Skokie,IL,graduate
sc-439783,439783,New York College of Traditional Chinese Medicine,Mineola,NY,graduate
sc-439817,439817,Northeastern Seminary,Rochester,NY,graduate
sc-439914,439914,Seattle Institute of East Asian Medicine,Seattle,WA,graduate
sc-440004,440004,Upper Valley Educators Institute,Lebanon,NH,graduate
sc-440031,440031,Keck Graduate Institute,Claremont,CA,graduate
sc-441104,441104,Richmont Graduate University,Chattanooga,TN,graduate
sc-441131,441131,The Seattle School of Theology & Psychology,Seattle,WA,graduate
sc-442064,442064,Won Institute of Graduate Studies,Warminster,PA,graduate
sc-442295,442295,Ave Maria School of Law,Naples,FL,graduate
sc-442806,442806,Edward Via College of Osteopathic Medicine,Blacksburg,VA,graduate
sc-443030,443030,Endeavor Health School of Nurse Anesthesia-DePaul University,Evanston,IL,graduate
sc-443076,443076,Hood Theological Seminary,Salisbury,NC,graduate
sc-443702,443702,Bexley Hall Seabury Western Theological Seminary Federation Inc.,Chicago,IL,graduate
sc-444103,444103,Byzantine Catholic Seminary of Saints Cyril and Methodius,Pittsburgh,PA,graduate
sc-444699,444699,Institute of Clinical Acupuncture & Oriental Medicine,Honolulu,HI,graduate
sc-445054,445054,Toyota Technological Institute at Chicago,Chicago,IL,graduate
sc-445869,445869,Divine Mercy University,Sterling,VA,graduate
sc-446002,446002,American Academy of Health and Wellness,Roseville,MN,graduate
sc-446039,446039,Arizona School of Acupuncture and Oriental Medicine,Tucson,AZ,graduate
sc-447698,447698,Phoenix Institute of Herbal Medicine & Acupuncture,Phoenix,AZ,graduate
sc-447801,447801,University of East-West Medicine,Sunnyvale,CA,graduate
sc-448691,448691,International Institute for Restorative Practices,Bethlehem,PA,graduate
sc-449481,449481,Dragon Rises College of Oriental Medicine,Bradenton,FL,graduate
sc-449834,449834,Virginia Beach Theological Seminary,Virginia Beach,VA,graduate
sc-449922,449922,Appalachian College of Pharmacy,Oakwood,VA,graduate
sc-450304,450304,Brite Divinity School,Fort Worth,TX,graduate
sc-451079,451079,Academy for Five Element Acupuncture,Gainesville,FL,graduate
sc-451510,451510,Charleston School of Law,Charleston,SC,graduate
sc-454689,454689,Taft University System,Denver,CO,graduate
sc-454838,454838,Institute of Taoist Education and Acupuncture,Louisville,CO,graduate
sc-455099,455099,Urshan Graduate School of Theology,Wentzville,MO,graduate
sc-455178,455178,Daoist Traditions College of Chinese Medical Arts,Asheville,NC,graduate
sc-455406,455406,Pacific Northwest University of Health Sciences,Yakima,WA,graduate
sc-455433,455433,The Chicago School at Anaheim,Anaheim,CA,graduate
sc-455804,455804,Institute of World Politics,Washington,DC,graduate
sc-455813,455813,Pontifical John Paul II Institute for Studies on Marriage and Family,Washington,DC,graduate
sc-455992,455992,Vermont College of Fine Arts,Montpelier,VT,graduate
sc-457271,457271,Academy for Jewish Religion California,Los Angeles,CA,graduate
sc-459736,459736,Touro University California,Vallejo,CA,graduate
sc-459745,459745,The Chicago School at Washington DC,Washington,DC,graduate
sc-461120,461120,Omega Graduate School,Dayton,TN,graduate
sc-461139,461139,Jung Tao School of Classical Chinese Medicine,Sugar Grove,NC,graduate
sc-461485,461485,Shepherds Theological Seminary,Cary,NC,graduate
sc-462044,462044,Institute for Doctoral Studies in the Visual Arts,Portland,ME,graduate
sc-475228,475228,The Colleges of Law at Santa Barbara,Santa Barbara,CA,graduate
sc-475495,475495,Rocky Mountain University of Health Professions,Provo,UT,graduate
sc-480790,480790,Rocky Vista University,Parker,CO,graduate
sc-481030,481030,Future Generations University,Franklin,WV,graduate
sc-481094,481094,Sotheby's Institute of Art-NY,New York,NY,graduate
sc-481535,481535,Sanford Burnham Prebys Medical Discovery Institute,La Jolla,CA,graduate
sc-483975,483975,Alabama College of Osteopathic Medicine,Dothan,AL,graduate
sc-485403,485403,High Tech High Graduate School of Education,San Diego,CA,graduate
sc-486080,486080,Elmezzi Graduate School of Molecular Medicine,Manhasset,NY,graduate
sc-487153,487153,The Chicago School at Xavier University of Louisiana,New Orleans,LA,graduate
sc-487649,487649,California Institute of Advanced Management,Alhambra,CA,graduate
sc-487995,487995,Alhambra Medical University,Alhambra,CA,graduate
sc-488527,488527,Arkansas Colleges of Health Education,Fort Smith,AR,graduate
sc-488554,488554,Burrell College of Osteopathic Medicine,Las Cruces,NM,graduate
sc-488572,488572,California Health Sciences University,Clovis,CA,graduate
sc-488907,488907,Wongu University of Oriental Medicine,Las Vegas,NV,graduate
sc-489335,489335,Institute of Buddhist Studies,Berkeley,CA,graduate
sc-489858,489858,West Coast University-Center for Graduate Studies,Los Angeles,CA,graduate
sc-490106,490106,Virginia University of Integrative Medicine,Vienna,VA,graduate
sc-490373,490373,Western Michigan University Homer Stryker M.D. School of Medicine,Kalamazoo,MI,graduate
sc-491808,491808,Meridian University,Petaluma,CA,graduate
sc-492704,492704,Ponce Health Sciences University-Centro Universitario de San Juan,San Juan,PR,graduate
sc-493947,493947,Idaho College of Osteopathic Medicine,Meridian,ID,graduate
sc-493956,493956,Cal Northern School of Law,Chico,CA,graduate
sc-494010,494010,Ponce Health Sciences University-St Louis,St. Louis,MO,graduate
sc-495192,495192,Alder Graduate School of Education,Redwood City,CA,graduate
sc-495314,495314,Hackensack Meridian School of Medicine,Nutley,NJ,graduate
sc-496043,496043,California University of Science and Medicine,Colton,CA,graduate
sc-496469,496469,Daybreak University,Anaheim,CA,graduate
sc-497453,497453,Jackson Theological Seminary,North Little Rock,AR,graduate
sc-497693,497693,Kansas Health Science University,Wichita,KS,graduate
sc-497718,497718,Academy for Jewish Religion,Yonkers,NY,graduate
sc-498234,498234,Larkin University,Miami,FL,graduate
sc-499981,499981,Southwest University of Naprapathic Medicine,Santa Fe,NM,graduate
sc-500670,500670,University of Fairfax,Salem,VA,graduate
sc-501105,501105,Lyon College-School of Dental Medicine,Little Rock,AR,graduate
sc-501345,501345,Chicago College of Oriental Medicine,Chicago,IL,graduate
sc-501549,501549,The Chicago School at Dallas,Plano,TX,graduate
